state,region,year,month,peak_temp_c,avg_temp_c,heatwave_days,station_count,obs_count
Andhra Pradesh,South Peninsula,2020,1,50.6,41.62158979437842,80,20,1798
Andhra Pradesh,South Peninsula,2020,2,47.2,37.781188495664445,86,20,1682
Andhra Pradesh,South Peninsula,2020,3,43.1,33.92681710997925,14,20,1798
Andhra Pradesh,South Peninsula,2020,4,38.4,30.995190789473682,0,20,1740
Andhra Pradesh,South Peninsula,2020,5,37.2,30.104936804376532,0,20,1798
Andhra Pradesh,South Peninsula,2020,6,39.9,31.350754873294346,0,20,1740
Andhra Pradesh,South Peninsula,2020,7,42.5,34.43719746274288,25,20,1798
Andhra Pradesh,South Peninsula,2020,8,46.5,38.46477009054895,97,20,1798
Andhra Pradesh,South Peninsula,2020,9,51.2,42.4230716374269,79,20,1740
Andhra Pradesh,South Peninsula,2020,10,52.0,45.27074207696661,91,20,1798
Andhra Pradesh,South Peninsula,2020,11,52.0,46.005649853801174,92,20,1740
Andhra Pradesh,South Peninsula,2020,12,52.0,44.66084323712507,93,20,1798
Andhra Pradesh,South Peninsula,2021,1,51.0,42.0861233729485,103,20,1798
Andhra Pradesh,South Peninsula,2021,2,46.4,38.198693870091894,111,20,1624
Andhra Pradesh,South Peninsula,2021,3,41.9,34.23201612903226,26,20,1798
Andhra Pradesh,South Peninsula,2021,4,38.8,31.47250097465887,0,20,1740
Andhra Pradesh,South Peninsula,2021,5,38.4,30.299933738917186,0,20,1798
Andhra Pradesh,South Peninsula,2021,6,39.5,31.501369883040937,0,20,1740
Andhra Pradesh,South Peninsula,2021,7,45.4,34.553472929635916,38,20,1798
Andhra Pradesh,South Peninsula,2021,8,46.3,38.54289473684211,115,20,1798
Andhra Pradesh,South Peninsula,2021,9,51.0,42.61542616959064,100,20,1740
Andhra Pradesh,South Peninsula,2021,10,52.0,45.45823571024335,105,20,1798
Andhra Pradesh,South Peninsula,2021,11,52.0,46.34473538011696,103,20,1740
Andhra Pradesh,South Peninsula,2021,12,52.0,45.25117642897567,121,20,1798
Andhra Pradesh,South Peninsula,2022,1,51.1,42.15131791171477,134,20,1798
Andhra Pradesh,South Peninsula,2022,2,46.9,38.38124503968254,117,20,1624
Andhra Pradesh,South Peninsula,2022,3,42.4,34.7701841633654,40,20,1798
Andhra Pradesh,South Peninsula,2022,4,39.3,31.658529970760235,0,20,1740
Andhra Pradesh,South Peninsula,2022,5,37.4,30.963700716845878,0,20,1798
Andhra Pradesh,South Peninsula,2022,6,41.5,31.998426656920078,1,20,1740
Andhra Pradesh,South Peninsula,2022,7,46.4,34.73369670816827,31,20,1798
Andhra Pradesh,South Peninsula,2022,8,47.1,38.776418836068665,144,20,1798
Andhra Pradesh,South Peninsula,2022,9,49.8,42.82784673489279,130,20,1740
Andhra Pradesh,South Peninsula,2022,10,52.0,45.67126108281457,146,20,1798
Andhra Pradesh,South Peninsula,2022,11,52.0,46.56682188851288,172,20,1740
Andhra Pradesh,South Peninsula,2022,12,52.0,45.5147550776583,136,20,1798
Andhra Pradesh,South Peninsula,2023,1,50.0,42.65625448028674,167,20,1798
Andhra Pradesh,South Peninsula,2023,2,47.3,38.85088624338624,170,20,1624
Andhra Pradesh,South Peninsula,2023,3,42.2,34.97520310633214,37,20,1798
Andhra Pradesh,South Peninsula,2023,4,39.3,32.10565432098765,0,20,1740
Andhra Pradesh,South Peninsula,2023,5,39.6,31.04258064516129,0,20,1798
Andhra Pradesh,South Peninsula,2023,6,39.7,32.32681481481482,0,20,1740
Andhra Pradesh,South Peninsula,2023,7,43.2,35.238936678614095,55,20,1798
Andhra Pradesh,South Peninsula,2023,8,47.7,39.25291590506754,170,20,1798
Andhra Pradesh,South Peninsula,2023,9,51.4,43.277505847953215,177,20,1740
Andhra Pradesh,South Peninsula,2023,10,52.0,45.951276174306734,182,20,1798
Andhra Pradesh,South Peninsula,2023,11,52.0,46.9168216374269,173,20,1740
Andhra Pradesh,South Peninsula,2023,12,52.0,45.741878890775325,179,20,1798
Andhra Pradesh,South Peninsula,2024,1,51.5,42.96465478211658,218,20,1798
Andhra Pradesh,South Peninsula,2024,2,46.6,38.96689957652753,191,20,1682
Andhra Pradesh,South Peninsula,2024,3,42.8,35.05671194114318,42,20,1798
Andhra Pradesh,South Peninsula,2024,4,41.2,32.336011695906436,2,20,1740
Andhra Pradesh,South Peninsula,2024,5,38.5,31.4361233729485,0,20,1798
Andhra Pradesh,South Peninsula,2024,6,39.8,32.55160233918129,0,20,1740
Andhra Pradesh,South Peninsula,2024,7,45.0,35.66113469156763,71,20,1798
Andhra Pradesh,South Peninsula,2024,8,48.1,39.63407187323147,198,20,1798
Andhra Pradesh,South Peninsula,2024,9,51.0,43.628456140350885,199,20,1740
Andhra Pradesh,South Peninsula,2024,10,52.0,46.35199773627617,207,20,1798
Andhra Pradesh,South Peninsula,2024,11,52.0,47.18988888888888,209,20,1740
Andhra Pradesh,South Peninsula,2024,12,52.0,46.00922184493492,210,20,1798
Andhra Pradesh,South Peninsula,2025,1,51.3,43.20867289190719,271,20,1798
Andhra Pradesh,South Peninsula,2025,2,47.4,39.3521365914787,250,20,1624
Andhra Pradesh,South Peninsula,2025,3,43.4,35.47608941709111,63,20,1798
Andhra Pradesh,South Peninsula,2025,4,39.6,32.67945321637427,0,20,1740
Andhra Pradesh,South Peninsula,2025,5,38.8,31.640147142048672,0,20,1798
Andhra Pradesh,South Peninsula,2025,6,42.0,32.747476608187135,3,20,1740
Andhra Pradesh,South Peninsula,2025,7,43.2,35.64619411431806,81,20,1798
Andhra Pradesh,South Peninsula,2025,8,47.7,39.87645444255801,284,20,1798
Andhra Pradesh,South Peninsula,2025,9,52.0,43.69305555555555,223,20,1740
Andhra Pradesh,South Peninsula,2025,10,52.0,46.530616864742505,270,20,1798
Andhra Pradesh,South Peninsula,2025,11,52.0,47.486233918128654,269,20,1740
Andhra Pradesh,South Peninsula,2025,12,52.0,46.182945670628186,269,20,1798
Andhra Pradesh,South Peninsula,2026,1,52.0,43.51901810979061,322,20,1798
Andhra Pradesh,South Peninsula,2026,2,47.5,39.64628446115288,293,20,1624
Andhra Pradesh,South Peninsula,2026,3,43.1,35.81188172043011,78,20,1798
Andhra Pradesh,South Peninsula,2026,4,43.2,35.47631286549707,50,20,1740
Andhra Pradesh,South Peninsula,2026,5,41.0,34.382436332767405,6,20,1798
Andhra Pradesh,South Peninsula,2026,6,44.7,35.62136549707602,63,20,1740
Andhra Pradesh,South Peninsula,2026,7,43.9,35.9974844368987,96,20,1798
Andhra Pradesh,South Peninsula,2026,8,48.5,40.186522354272775,351,20,1798
Andhra Pradesh,South Peninsula,2026,9,52.0,44.081025276948026,327,20,1740
Andhra Pradesh,South Peninsula,2026,10,52.0,46.866740237691005,324,20,1798
Andhra Pradesh,South Peninsula,2026,11,52.0,47.778657894736845,303,20,1740
Andhra Pradesh,South Peninsula,2026,12,52.0,46.5591624221845,327,20,1798
Bihar,Indo-Gangetic Plain,2020,1,49.6,43.15767508488965,73,20,1488
Bihar,Indo-Gangetic Plain,2020,2,47.6,39.24872731397459,76,20,1392
Bihar,Indo-Gangetic Plain,2020,3,42.6,35.33312712224109,29,20,1488
Bihar,Indo-Gangetic Plain,2020,4,40.9,32.31522368421052,1,20,1440
Bihar,Indo-Gangetic Plain,2020,5,40.3,31.630591044142612,1,20,1488
Bihar,Indo-Gangetic Plain,2020,6,39.4,32.57264254385965,0,20,1440
Bihar,Indo-Gangetic Plain,2020,7,42.4,35.73567805602717,36,20,1488
Bihar,Indo-Gangetic Plain,2020,8,47.7,39.740706706281834,65,20,1488
Bihar,Indo-Gangetic Plain,2020,9,51.7,43.75253179824561,84,20,1440
Bihar,Indo-Gangetic Plain,2020,10,52.0,46.43572262308998,70,20,1488
Bihar,Indo-Gangetic Plain,2020,11,52.0,47.50668859649123,75,20,1440
Bihar,Indo-Gangetic Plain,2020,12,52.0,45.989328310696095,64,20,1488
Bihar,Indo-Gangetic Plain,2021,1,50.3,43.41051994906621,106,20,1488
Bihar,Indo-Gangetic Plain,2021,2,47.4,39.35561795112782,84,20,1344
Bihar,Indo-Gangetic Plain,2021,3,43.4,35.727355687606114,29,20,1488
Bihar,Indo-Gangetic Plain,2021,4,40.9,32.75809100877193,1,20,1440
Bihar,Indo-Gangetic Plain,2021,5,37.8,31.779808998302205,0,20,1488
Bihar,Indo-Gangetic Plain,2021,6,40.8,32.690895833333336,3,20,1440
Bihar,Indo-Gangetic Plain,2021,7,43.6,35.977768463497455,46,20,1488
Bihar,Indo-Gangetic Plain,2021,8,46.8,40.02342423599321,87,20,1488
Bihar,Indo-Gangetic Plain,2021,9,51.5,43.99129714912281,97,20,1440
Bihar,Indo-Gangetic Plain,2021,10,52.0,46.82931345500849,109,20,1488
Bihar,Indo-Gangetic Plain,2021,11,52.0,47.635967105263155,85,20,1440
Bihar,Indo-Gangetic Plain,2021,12,52.0,46.332387521222415,87,20,1488
Bihar,Indo-Gangetic Plain,2022,1,51.1,43.75465831918506,118,20,1488
Bihar,Indo-Gangetic Plain,2022,2,47.1,39.57265037593985,101,20,1344
Bihar,Indo-Gangetic Plain,2022,3,44.5,36.36766652954496,34,20,1488
Bihar,Indo-Gangetic Plain,2022,4,40.9,32.51133333333333,1,20,1440
Bihar,Indo-Gangetic Plain,2022,5,39.7,31.52768817204301,0,20,1488
Bihar,Indo-Gangetic Plain,2022,6,43.1,32.79208333333333,1,20,1440
Bihar,Indo-Gangetic Plain,2022,7,44.3,35.6627688172043,48,20,1488
Bihar,Indo-Gangetic Plain,2022,8,48.2,39.74637096774194,117,20,1488
Bihar,Indo-Gangetic Plain,2022,9,52.0,43.56044444444444,108,20,1440
Bihar,Indo-Gangetic Plain,2022,10,52.0,46.35516129032258,93,20,1488
Bihar,Indo-Gangetic Plain,2022,11,52.0,47.256388888888885,110,20,1440
Bihar,Indo-Gangetic Plain,2022,12,52.0,46.1701974000963,117,20,1488
Bihar,Indo-Gangetic Plain,2023,1,51.4,43.39846978557505,160,20,1488
Bihar,Indo-Gangetic Plain,2023,2,47.3,39.47600529100529,132,20,1344
Bihar,Indo-Gangetic Plain,2023,3,43.4,35.779121549393196,54,20,1488
Bihar,Indo-Gangetic Plain,2023,4,39.1,32.794893112410655,0,20,1440
Bihar,Indo-Gangetic Plain,2023,5,40.6,31.840626611331192,2,20,1488
Bihar,Indo-Gangetic Plain,2023,6,40.9,32.87584113060429,1,20,1440
Bihar,Indo-Gangetic Plain,2023,7,44.3,36.016927309312706,67,20,1488
Bihar,Indo-Gangetic Plain,2023,8,47.7,40.0699399484374,145,20,1488
Bihar,Indo-Gangetic Plain,2023,9,52.0,43.93473814165042,152,20,1440
Bihar,Indo-Gangetic Plain,2023,10,52.0,46.68526535873735,145,20,1488
Bihar,Indo-Gangetic Plain,2023,11,52.0,47.70293177387915,128,20,1440
Bihar,Indo-Gangetic Plain,2023,12,52.0,46.42584480915551,147,20,1488
Bihar,Indo-Gangetic Plain,2024,1,52.0,43.69358328617242,187,20,1488
Bihar,Indo-Gangetic Plain,2024,2,47.1,39.73942999260604,182,20,1392
Bihar,Indo-Gangetic Plain,2024,3,44.1,35.89392095830976,70,20,1488
Bihar,Indo-Gangetic Plain,2024,4,40.1,32.97924788823912,1,20,1440
Bihar,Indo-Gangetic Plain,2024,5,40.0,32.14603030874678,0,20,1488
Bihar,Indo-Gangetic Plain,2024,6,42.5,33.40622417153996,2,20,1440
Bihar,Indo-Gangetic Plain,2024,7,44.2,36.347691316103884,86,20,1488
Bihar,Indo-Gangetic Plain,2024,8,48.8,40.385837892221595,185,20,1488
Bihar,Indo-Gangetic Plain,2024,9,52.0,44.35521897335932,186,20,1440
Bihar,Indo-Gangetic Plain,2024,10,52.0,46.96839558573854,181,20,1488
Bihar,Indo-Gangetic Plain,2024,11,52.0,47.81613190383366,172,20,1440
Bihar,Indo-Gangetic Plain,2024,12,52.0,46.73972489467396,207,20,1488
Bihar,Indo-Gangetic Plain,2025,1,51.0,43.9967308055084,220,20,1488
Bihar,Indo-Gangetic Plain,2025,2,48.0,40.01153682818156,163,20,1344
Bihar,Indo-Gangetic Plain,2025,3,44.5,36.31778689555429,104,20,1488
Bihar,Indo-Gangetic Plain,2025,4,41.3,33.46138823911631,4,20,1440
Bihar,Indo-Gangetic Plain,2025,5,41.2,32.46385681946803,1,20,1488
Bihar,Indo-Gangetic Plain,2025,6,41.3,33.51232098765432,3,20,1440
Bihar,Indo-Gangetic Plain,2025,7,44.3,36.42321668867509,93,20,1488
Bihar,Indo-Gangetic Plain,2025,8,49.2,40.59144846884235,217,20,1488
Bihar,Indo-Gangetic Plain,2025,9,52.0,44.540047433398314,228,20,1440
Bihar,Indo-Gangetic Plain,2025,10,52.0,47.3154442558008,238,20,1488
Bihar,Indo-Gangetic Plain,2025,11,52.0,48.14544054580896,230,20,1440
Bihar,Indo-Gangetic Plain,2025,12,52.0,47.049265547381,243,20,1488
Bihar,Indo-Gangetic Plain,2026,1,52.0,44.13275909056525,253,20,1488
Bihar,Indo-Gangetic Plain,2026,2,48.2,40.277112921191865,248,20,1344
Bihar,Indo-Gangetic Plain,2026,3,45.2,36.515830032069424,115,20,1488
Bihar,Indo-Gangetic Plain,2026,4,43.8,36.14187102014295,74,20,1440
Bihar,Indo-Gangetic Plain,2026,5,42.8,35.225612777463375,31,20,1488
Bihar,Indo-Gangetic Plain,2026,6,44.0,36.322425276153346,94,20,1440
Bihar,Indo-Gangetic Plain,2026,7,45.0,36.84672797585361,135,20,1488
Bihar,Indo-Gangetic Plain,2026,8,49.2,40.82740740740741,262,20,1488
Bihar,Indo-Gangetic Plain,2026,9,52.0,44.74974723846654,252,20,1440
Bihar,Indo-Gangetic Plain,2026,10,52.0,47.53593787335723,252,20,1488
Bihar,Indo-Gangetic Plain,2026,11,52.0,48.358939571150096,235,20,1440
Bihar,Indo-Gangetic Plain,2026,12,52.0,47.314202666163624,265,20,1488
Chhattisgarh,Central,2020,1,50.5,42.5668880455408,59,20,1178
Chhattisgarh,Central,2020,2,46.2,38.75564232589588,65,20,1102
Chhattisgarh,Central,2020,3,42.4,34.691413662239086,21,20,1178
Chhattisgarh,Central,2020,4,39.6,31.97308496732026,0,20,1140
Chhattisgarh,Central,2020,5,38.3,30.879380139152435,0,20,1178
Chhattisgarh,Central,2020,6,40.4,32.00337908496732,1,20,1140
Chhattisgarh,Central,2020,7,44.0,35.38382985452245,32,20,1178
Chhattisgarh,Central,2020,8,47.1,39.29789690069576,74,20,1178
Chhattisgarh,Central,2020,9,50.5,43.02159150326798,48,20,1140
Chhattisgarh,Central,2020,10,52.0,46.00330487033523,58,20,1178
Chhattisgarh,Central,2020,11,52.0,46.778928104575165,60,20,1140
Chhattisgarh,Central,2020,12,52.0,45.359503478810886,52,20,1178
Chhattisgarh,Central,2021,1,52.0,42.57411132194813,84,20,1178
Chhattisgarh,Central,2021,2,47.0,39.08498949579832,80,20,1064
Chhattisgarh,Central,2021,3,42.2,34.932432005060086,20,20,1178
Chhattisgarh,Central,2021,4,39.1,32.40996732026144,0,20,1140
Chhattisgarh,Central,2021,5,38.3,31.29840607210626,0,20,1178
Chhattisgarh,Central,2021,6,40.8,32.23366339869281,3,20,1140
Chhattisgarh,Central,2021,7,44.5,35.578937381404174,36,20,1178
Chhattisgarh,Central,2021,8,48.4,39.39650853889943,77,20,1178
Chhattisgarh,Central,2021,9,50.6,43.289529411764704,80,20,1140
Chhattisgarh,Central,2021,10,52.0,45.96767868437698,73,20,1178
Chhattisgarh,Central,2021,11,52.0,47.12913071895425,79,20,1140
Chhattisgarh,Central,2021,12,52.0,45.80161290322581,67,20,1178
Chhattisgarh,Central,2022,1,51.5,42.914696394686906,93,20,1178
Chhattisgarh,Central,2022,2,48.4,39.04177871148459,81,20,1064
Chhattisgarh,Central,2022,3,44.9,35.33298545224542,45,20,1178
Chhattisgarh,Central,2022,4,39.8,32.602522875816994,0,20,1140
Chhattisgarh,Central,2022,5,38.4,31.46425996204934,0,20,1178
Chhattisgarh,Central,2022,6,40.4,32.48599019607843,1,20,1140
Chhattisgarh,Central,2022,7,45.3,35.63393738140417,45,20,1178
Chhattisgarh,Central,2022,8,47.8,39.88060404807084,97,20,1178
Chhattisgarh,Central,2022,9,50.9,43.610803921568625,71,20,1140
Chhattisgarh,Central,2022,10,52.0,46.36857052498419,115,20,1178
Chhattisgarh,Central,2022,11,52.0,47.24134313725491,94,20,1140
Chhattisgarh,Central,2022,12,52.0,46.27669829222011,106,20,1178
Chhattisgarh,Central,2023,1,52.0,43.3440101201771,113,20,1178
Chhattisgarh,Central,2023,2,48.0,39.35356092436975,103,20,1064
Chhattisgarh,Central,2023,3,44.1,35.88445287792536,44,20,1178
Chhattisgarh,Central,2023,4,41.8,32.66866339869281,6,20,1140
Chhattisgarh,Central,2023,5,39.1,31.680714737507902,0,20,1178
Chhattisgarh,Central,2023,6,42.4,32.66070261437908,4,20,1140
Chhattisgarh,Central,2023,7,44.8,35.92480805867513,64,20,1178
Chhattisgarh,Central,2023,8,48.2,39.97606611405173,112,19,1178
Chhattisgarh,Central,2023,9,52.0,43.989561403508766,110,19,1140
Chhattisgarh,Central,2023,10,52.0,46.82609108159392,133,19,1178
Chhattisgarh,Central,2023,11,52.0,47.60636222910217,117,19,1140
Chhattisgarh,Central,2023,12,52.0,46.512510403142585,127,19,1178
Chhattisgarh,Central,2024,1,52.0,43.589528612803356,144,19,1178
Chhattisgarh,Central,2024,2,47.9,39.78544535781645,123,19,1102
Chhattisgarh,Central,2024,3,44.6,36.03248610140151,67,19,1178
Chhattisgarh,Central,2024,4,42.3,33.172524939800475,4,19,1140
Chhattisgarh,Central,2024,5,39.5,32.40310263324345,0,19,1178
Chhattisgarh,Central,2024,6,42.1,33.26019607843137,4,19,1140
Chhattisgarh,Central,2024,7,45.0,36.331956789506975,80,19,1178
Chhattisgarh,Central,2024,8,48.8,40.41356569792603,159,19,1178
Chhattisgarh,Central,2024,9,52.0,44.28289129686962,136,19,1140
Chhattisgarh,Central,2024,10,52.0,47.14242318319518,146,19,1178
Chhattisgarh,Central,2024,11,52.0,47.760913312693496,127,19,1140
Chhattisgarh,Central,2024,12,52.0,46.65695928626119,170,19,1178
Chhattisgarh,Central,2025,1,50.9,43.9919271613569,180,19,1178
Chhattisgarh,Central,2025,2,49.2,40.13876787557128,176,19,1064
Chhattisgarh,Central,2025,3,44.8,36.552213788741305,76,19,1178
Chhattisgarh,Central,2025,4,40.0,33.29105607155143,1,19,1140
Chhattisgarh,Central,2025,5,39.5,32.41971437131729,0,19,1178
Chhattisgarh,Central,2025,6,40.5,33.69644822841418,2,19,1140
Chhattisgarh,Central,2025,7,46.0,36.457478611138846,96,19,1178
Chhattisgarh,Central,2025,8,48.8,40.77084956223576,194,19,1178
Chhattisgarh,Central,2025,9,52.0,44.59153766769865,176,19,1140
Chhattisgarh,Central,2025,10,52.0,47.342977462631914,186,19,1178
Chhattisgarh,Central,2025,11,52.0,48.14747334021328,177,19,1140
Chhattisgarh,Central,2025,12,52.0,46.997491594260794,174,19,1178
Chhattisgarh,Central,2026,1,52.0,44.18187522886914,181,19,1178
Chhattisgarh,Central,2026,2,48.6,40.378182588825005,170,19,1064
Chhattisgarh,Central,2026,3,45.1,36.39884649955059,95,19,1178
Chhattisgarh,Central,2026,4,43.5,36.021491228070175,60,19,1140
Chhattisgarh,Central,2026,5,42.4,35.27447817836812,23,19,1178
Chhattisgarh,Central,2026,6,45.3,36.37105607155143,85,19,1140
Chhattisgarh,Central,2026,7,46.6,37.00495855387995,136,19,1178
Chhattisgarh,Central,2026,8,49.7,40.84830765567325,247,20,1178
Chhattisgarh,Central,2026,9,52.0,44.789347222222226,218,20,1140
Chhattisgarh,Central,2026,10,52.0,47.53200268817204,212,20,1178
Chhattisgarh,Central,2026,11,52.0,48.39669444444445,203,20,1140
Chhattisgarh,Central,2026,12,52.0,47.08071236559139,211,20,1178
Delhi,Northwest,2020,1,52.0,44.057838143746466,44,19,682
Delhi,Northwest,2020,2,47.6,40.10928614640048,37,19,638
Delhi,Northwest,2020,3,44.0,36.33565365025467,31,19,682
Delhi,Northwest,2020,4,41.2,33.404766081871344,2,19,660
Delhi,Northwest,2020,5,38.3,32.47815506508206,0,19,682
Delhi,Northwest,2020,6,42.0,33.79514619883041,7,19,660
Delhi,Northwest,2020,7,45.5,36.70070741369553,35,19,682
Delhi,Northwest,2020,8,50.9,40.7514714204867,40,19,682
Delhi,Northwest,2020,9,51.1,44.61356725146199,38,19,660
Delhi,Northwest,2020,10,52.0,47.38273910582909,45,19,682
Delhi,Northwest,2020,11,52.0,48.2362865497076,12,19,660
Delhi,Northwest,2020,12,52.0,47.13163554046406,44,19,682
Delhi,Northwest,2021,1,52.0,44.317572156196945,53,19,682
Delhi,Northwest,2021,2,50.4,40.66550751879699,48,19,616
Delhi,Northwest,2021,3,44.7,36.716638370118844,39,19,682
Delhi,Northwest,2021,4,39.5,33.64020467836258,0,19,660
Delhi,Northwest,2021,5,40.0,32.806338426711946,0,19,682
Delhi,Northwest,2021,6,41.4,33.53669590643275,6,19,660
Delhi,Northwest,2021,7,45.0,36.76513865308432,35,19,682
Delhi,Northwest,2021,8,49.1,40.970684776457276,54,19,682
Delhi,Northwest,2021,9,52.0,44.77198830409357,46,19,660
Delhi,Northwest,2021,10,52.0,47.67962648556876,51,19,682
Delhi,Northwest,2021,11,52.0,48.4661403508772,21,19,660
Delhi,Northwest,2021,12,52.0,47.20461233729485,49,19,682
Delhi,Northwest,2022,1,52.0,44.66044142614601,68,19,682
Delhi,Northwest,2022,2,49.8,40.964473684210525,65,19,616
Delhi,Northwest,2022,3,43.7,36.86958121109225,48,19,682
Delhi,Northwest,2022,4,40.4,33.86067251461988,1,19,660
Delhi,Northwest,2022,5,40.0,33.2179117147708,1,19,682
Delhi,Northwest,2022,6,43.4,34.157865497076024,6,19,660
Delhi,Northwest,2022,7,43.5,37.24428409734013,52,19,682
Delhi,Northwest,2022,8,49.2,41.16361063950198,59,19,682
Delhi,Northwest,2022,9,52.0,45.36073099415205,67,19,660
Delhi,Northwest,2022,10,52.0,48.034323712507074,68,19,682
Delhi,Northwest,2022,11,52.0,48.82482456140351,28,19,660
Delhi,Northwest,2022,12,52.0,47.70232031692133,66,19,682
Delhi,Northwest,2023,1,51.9,44.813752122241084,73,19,682
Delhi,Northwest,2023,2,48.1,40.95557644110276,69,19,616
Delhi,Northwest,2023,3,44.7,37.24153933220147,52,19,682
Delhi,Northwest,2023,4,41.6,34.15254385964913,8,19,660
Delhi,Northwest,2023,5,40.6,33.16561969439728,1,19,682
Delhi,Northwest,2023,6,42.0,34.67035087719299,8,19,660
Delhi,Northwest,2023,7,45.9,37.31448783248444,65,19,682
Delhi,Northwest,2023,8,50.3,41.57209960384833,94,19,682
Delhi,Northwest,2023,9,52.0,45.5424269005848,87,19,660
Delhi,Northwest,2023,10,52.0,48.11171477079797,75,19,682
Delhi,Northwest,2023,11,52.0,48.897163742690054,32,19,660
Delhi,Northwest,2023,12,52.0,47.75166949632144,81,19,682
Delhi,Northwest,2024,1,51.5,45.153395585738544,89,19,682
Delhi,Northwest,2024,2,50.0,41.09413188142771,86,19,638
Delhi,Northwest,2024,3,44.8,37.307555178268245,78,19,682
Delhi,Northwest,2024,4,41.3,34.30005847953216,6,19,660
Delhi,Northwest,2024,5,41.5,33.684521788341826,7,19,682
Delhi,Northwest,2024,6,41.9,34.76567251461988,9,19,660
Delhi,Northwest,2024,7,45.4,37.800311262026035,62,19,682
Delhi,Northwest,2024,8,51.1,41.91683644595359,106,19,682
Delhi,Northwest,2024,9,52.0,45.8946783625731,108,19,660
Delhi,Northwest,2024,10,52.0,48.59052065647991,111,19,682
Delhi,Northwest,2024,11,52.0,49.341842105263154,44,19,660
Delhi,Northwest,2024,12,52.0,48.06474250141483,84,19,682
Delhi,Northwest,2025,1,52.0,45.322127900396154,121,19,682
Delhi,Northwest,2025,2,50.4,41.499906015037595,104,19,616
Delhi,Northwest,2025,3,46.6,37.533220147142046,96,19,682
Delhi,Northwest,2025,4,43.8,34.94690058479533,13,19,660
Delhi,Northwest,2025,5,41.2,33.96021505376345,4,19,682
Delhi,Northwest,2025,6,41.7,35.11619883040936,14,19,660
Delhi,Northwest,2025,7,44.5,38.092501414827396,101,19,682
Delhi,Northwest,2025,8,49.4,41.98695529145444,113,19,682
Delhi,Northwest,2025,9,52.0,45.90520467836257,127,19,660
Delhi,Northwest,2025,10,52.0,48.627362761743065,110,19,682
Delhi,Northwest,2025,11,52.0,49.59707602339182,37,19,660
Delhi,Northwest,2025,12,52.0,48.500825697113015,114,20,682
Delhi,Northwest,2026,1,52.0,45.64572580645161,136,20,682
Delhi,Northwest,2026,2,49.7,41.60803571428571,110,20,616
Delhi,Northwest,2026,3,44.5,38.06854838709677,110,20,682
Delhi,Northwest,2026,4,44.9,38.000083333333336,138,20,660
Delhi,Northwest,2026,5,44.4,36.56274193548387,60,20,682
Delhi,Northwest,2026,6,44.5,37.75966666666666,136,20,660
Delhi,Northwest,2026,7,45.2,38.185967741935485,114,20,682
Delhi,Northwest,2026,8,49.8,42.20669354838709,137,20,682
Delhi,Northwest,2026,9,52.0,46.29808333333334,152,20,660
Delhi,Northwest,2026,10,52.0,48.94177419354838,139,20,682
Delhi,Northwest,2026,11,52.0,49.56133333333333,55,20,660
Delhi,Northwest,2026,12,52.0,48.62725806451613,138,20,682
Gujarat,West,2020,1,50.5,42.37743932887247,109,20,1736
Gujarat,West,2020,2,46.1,38.51292800967937,113,20,1624
Gujarat,West,2020,3,43.0,34.55285928293219,30,20,1736
Gujarat,West,2020,4,39.5,31.663763845889235,0,20,1680
Gujarat,West,2020,5,38.7,30.77162688504944,0,20,1736
Gujarat,West,2020,6,41.3,31.92715067079463,1,20,1680
Gujarat,West,2020,7,44.8,34.974192882585974,42,20,1736
Gujarat,West,2020,8,46.5,39.08812277372749,111,20,1736
Gujarat,West,2020,9,52.0,43.065060199518406,112,20,1680
Gujarat,West,2020,10,52.0,45.751506042145216,104,20,1736
Gujarat,West,2020,11,52.0,46.608101823185415,98,20,1680
Gujarat,West,2020,12,52.0,45.399657778221645,128,20,1736
Gujarat,West,2021,1,52.0,42.66956489896469,156,20,1736
Gujarat,West,2021,2,46.8,38.822857142857146,142,20,1568
Gujarat,West,2021,3,44.8,34.963525583408234,37,20,1736
Gujarat,West,2021,4,39.6,32.19595717234262,0,20,1680
Gujarat,West,2021,5,39.4,31.076654664152425,0,20,1736
Gujarat,West,2021,6,39.7,32.18812215724497,0,19,1680
Gujarat,West,2021,7,44.2,35.29863547758285,59,19,1736
Gujarat,West,2021,8,49.0,39.237898509715144,154,19,1736
Gujarat,West,2021,9,51.5,43.176929824561405,122,19,1680
Gujarat,West,2021,10,52.0,45.89818902093945,149,19,1736
Gujarat,West,2021,11,52.0,46.92404158544509,146,19,1680
Gujarat,West,2021,12,52.0,45.68048795824688,146,19,1736
Gujarat,West,2022,1,52.0,42.90801421115513,198,19,1736
Gujarat,West,2022,2,47.0,38.99457671957672,152,19,1568
Gujarat,West,2022,3,43.6,35.278607809847195,51,19,1736
Gujarat,West,2022,4,40.7,32.47159194282002,4,19,1680
Gujarat,West,2022,5,39.0,31.372596365465636,0,19,1736
Gujarat,West,2022,6,40.6,32.459847303443794,1,19,1680
Gujarat,West,2022,7,43.8,35.48636735207194,59,19,1736
Gujarat,West,2022,8,48.1,39.60898258190279,200,19,1736
Gujarat,West,2022,9,50.6,43.46831384015595,182,19,1680
Gujarat,West,2022,10,52.0,46.285251210463436,179,19,1736
Gujarat,West,2022,11,52.0,47.17975308641976,166,19,1680
Gujarat,West,2022,12,52.0,46.01584292271898,179,19,1736
Gujarat,West,2023,1,52.0,43.22177890963969,203,19,1736
Gujarat,West,2023,2,47.8,39.32884294068504,201,19,1568
Gujarat,West,2023,3,43.7,35.52399232849148,74,19,1736
Gujarat,West,2023,4,40.0,32.628615984405464,1,19,1680
Gujarat,West,2023,5,39.8,31.621863799283158,0,19,1736
Gujarat,West,2023,6,40.1,32.839733593242364,1,19,1680
Gujarat,West,2023,7,45.6,35.809114632459284,84,19,1736
Gujarat,West,2023,8,48.6,39.80578192793812,227,19,1736
Gujarat,West,2023,9,52.0,43.73589668615984,217,19,1680
Gujarat,West,2023,10,52.0,46.60058165126077,215,19,1736
Gujarat,West,2023,11,52.0,47.4541780376868,207,19,1680
Gujarat,West,2023,12,52.0,46.30429164308621,232,19,1736
Gujarat,West,2024,1,51.7,43.56637112494497,290,19,1736
Gujarat,West,2024,2,48.8,39.464119110035625,222,19,1624
Gujarat,West,2024,3,46.0,35.701248192165,84,19,1736
Gujarat,West,2024,4,40.5,32.84495776478233,1,19,1680
Gujarat,West,2024,5,40.0,31.911139407658933,1,19,1736
Gujarat,West,2024,6,40.6,33.10854057190964,4,20,1680
Gujarat,West,2024,7,43.9,36.21955197132616,108,20,1736
Gujarat,West,2024,8,48.8,40.314545997610516,246,20,1736
Gujarat,West,2024,9,52.0,44.177327160493824,263,20,1680
Gujarat,West,2024,10,52.0,46.7881302270012,234,20,1736
Gujarat,West,2024,11,52.0,47.7336975308642,247,20,1680
Gujarat,West,2024,12,52.0,46.53728195937873,294,20,1736
Gujarat,West,2025,1,52.0,43.784145758661886,337,20,1736
Gujarat,West,2025,2,47.5,39.959775132275134,290,20,1568
Gujarat,West,2025,3,44.7,36.12647550776583,118,20,1736
Gujarat,West,2025,4,41.8,33.23512962962963,8,20,1680
Gujarat,West,2025,5,39.1,32.208912783751494,0,20,1736
Gujarat,West,2025,6,42.9,33.34016666666667,4,20,1680
Gujarat,West,2025,7,44.2,36.293900836320184,125,20,1736
Gujarat,West,2025,8,48.6,40.30280764635603,298,20,1736
Gujarat,West,2025,9,52.0,44.38224074074074,311,20,1680
Gujarat,West,2025,10,52.0,47.03147550776583,322,20,1736
Gujarat,West,2025,11,52.0,47.98682098765432,307,20,1680
Gujarat,West,2025,12,52.0,46.75962365591398,325,20,1736
Gujarat,West,2026,1,52.0,44.03109916367981,378,20,1736
Gujarat,West,2026,2,48.8,40.187619047619044,344,20,1568
Gujarat,West,2026,3,44.7,36.36827359617682,131,20,1736
Gujarat,West,2026,4,43.9,35.9483950617284,99,20,1680
Gujarat,West,2026,5,42.4,35.04251493428913,42,20,1736
Gujarat,West,2026,6,44.2,36.05926543209876,95,20,1680
Gujarat,West,2026,7,44.5,36.47994026284349,139,20,1736
Gujarat,West,2026,8,49.5,40.611451612903224,373,20,1736
Gujarat,West,2026,9,52.0,44.54824691358025,367,20,1680
Gujarat,West,2026,10,52.0,47.404474313022696,372,20,1736
Gujarat,West,2026,11,52.0,48.32026543209877,368,20,1680
Gujarat,West,2026,12,52.0,47.07651135005974,356,20,1736
Haryana,Northwest,2020,1,52.0,43.38412634408602,63,20,1178
Haryana,Northwest,2020,2,47.9,39.41777298850574,71,20,1102
Haryana,Northwest,2020,3,44.3,35.41797043010752,41,20,1178
Haryana,Northwest,2020,4,41.3,32.736222222222224,1,20,1140
Haryana,Northwest,2020,5,39.7,31.937379032258065,0,20,1178
Haryana,Northwest,2020,6,39.9,32.99586111111111,0,20,1140
Haryana,Northwest,2020,7,45.3,36.06279569892473,41,20,1178
Haryana,Northwest,2020,8,47.7,40.1432123655914,82,20,1178
Haryana,Northwest,2020,9,51.8,44.022124999999996,78,20,1140
Haryana,Northwest,2020,10,52.0,46.870376344086026,73,20,1178
Haryana,Northwest,2020,11,52.0,47.61994444444445,68,20,1140
Haryana,Northwest,2020,12,52.0,46.290416666666665,79,20,1178
Haryana,Northwest,2021,1,51.8,43.64795698924731,77,20,1178
Haryana,Northwest,2021,2,48.2,39.58002976190476,81,20,1064
Haryana,Northwest,2021,3,42.9,35.946989247311826,59,20,1178
Haryana,Northwest,2021,4,41.2,33.04973611111111,2,20,1140
Haryana,Northwest,2021,5,38.6,32.23825268817205,0,20,1178
Haryana,Northwest,2021,6,40.8,33.12788888888889,1,20,1140
Haryana,Northwest,2021,7,44.4,36.258897849462365,56,20,1178
Haryana,Northwest,2021,8,48.8,40.27682795698925,83,20,1178
Haryana,Northwest,2021,9,52.0,44.18040277777777,75,20,1140
Haryana,Northwest,2021,10,52.0,46.930819892473124,82,20,1178
Haryana,Northwest,2021,11,52.0,47.807791666666674,63,20,1140
Haryana,Northwest,2021,12,52.0,46.72834677419355,88,20,1178
Haryana,Northwest,2022,1,52.0,43.82525537634408,99,20,1178
Haryana,Northwest,2022,2,49.1,39.93656258242779,98,20,1064
Haryana,Northwest,2022,3,44.1,36.17258397416691,80,19,1178
Haryana,Northwest,2022,4,41.4,33.23512383900928,1,19,1140
Haryana,Northwest,2022,5,38.9,32.3191401178468,0,19,1178
Haryana,Northwest,2022,6,40.8,33.479867561059514,8,19,1140
Haryana,Northwest,2022,7,44.9,36.54630480375512,72,19,1178
Haryana,Northwest,2022,8,49.2,40.49889477013216,110,19,1178
Haryana,Northwest,2022,9,52.0,44.4034348125215,97,19,1140
Haryana,Northwest,2022,10,52.0,47.20878691034988,106,19,1178
Haryana,Northwest,2022,11,52.0,48.143427932576536,110,19,1140
Haryana,Northwest,2022,12,52.0,46.864477845467555,99,19,1178
Haryana,Northwest,2023,1,51.6,44.11115216884716,137,19,1178
Haryana,Northwest,2023,2,50.5,40.12878335544744,116,19,1064
Haryana,Northwest,2023,3,45.9,36.32471120876195,91,19,1178
Haryana,Northwest,2023,4,41.1,33.816628826969385,7,19,1140
Haryana,Northwest,2023,5,39.9,32.56790172775391,0,19,1178
Haryana,Northwest,2023,6,42.9,33.828794289645685,11,19,1140
Haryana,Northwest,2023,7,43.8,36.74283265088718,93,19,1178
Haryana,Northwest,2023,8,49.3,40.70397316821465,121,19,1178
Haryana,Northwest,2023,9,51.6,44.65419676642586,104,19,1140
Haryana,Northwest,2023,10,52.0,47.586620726389036,138,19,1178
Haryana,Northwest,2023,11,52.0,48.440730994152055,122,19,1140
Haryana,Northwest,2023,12,52.0,47.25221878224974,137,19,1178
Haryana,Northwest,2024,1,52.0,44.56732913878624,158,19,1178
Haryana,Northwest,2024,2,48.4,40.51882673214476,163,19,1102
Haryana,Northwest,2024,3,44.7,36.780032624255135,91,19,1178
Haryana,Northwest,2024,4,40.8,33.75303233574132,4,19,1140
Haryana,Northwest,2024,5,42.0,32.80903991477746,2,19,1178
Haryana,Northwest,2024,6,43.2,34.09283281733746,16,19,1140
Haryana,Northwest,2024,7,45.4,37.16505209893805,109,19,1178
Haryana,Northwest,2024,8,49.6,41.17843636605746,162,19,1178
Haryana,Northwest,2024,9,52.0,45.08301857585139,170,19,1140
Haryana,Northwest,2024,10,52.0,47.76512866606745,167,19,1178
Haryana,Northwest,2024,11,52.0,48.641683866529064,143,19,1140
Haryana,Northwest,2024,12,52.0,47.441073271413835,156,19,1178
Haryana,Northwest,2025,1,52.0,44.64716535170945,179,19,1178
Haryana,Northwest,2025,2,51.9,40.78686237652956,176,19,1064
Haryana,Northwest,2025,3,45.9,37.04319866216639,120,20,1178
Haryana,Northwest,2025,4,41.3,34.038003267973856,10,20,1140
Haryana,Northwest,2025,5,40.6,33.38241302972802,2,20,1178
Haryana,Northwest,2025,6,41.4,34.40398039215686,11,20,1140
Haryana,Northwest,2025,7,45.0,37.127438330170776,127,20,1178
Haryana,Northwest,2025,8,49.9,41.338851992409865,187,20,1178
Haryana,Northwest,2025,9,52.0,45.27366339869281,176,20,1140
Haryana,Northwest,2025,10,52.0,47.833118279569895,203,20,1178
Haryana,Northwest,2025,11,52.0,49.0084477124183,197,20,1140
Haryana,Northwest,2025,12,52.0,47.73755850727388,207,20,1178
Haryana,Northwest,2026,1,52.0,44.896530676786846,250,20,1178
Haryana,Northwest,2026,2,49.5,41.37403011204482,198,20,1064
Haryana,Northwest,2026,3,46.9,37.35109108159393,156,20,1178
Haryana,Northwest,2026,4,45.3,36.8459477124183,143,20,1140
Haryana,Northwest,2026,5,44.1,36.07612270714737,56,20,1178
Haryana,Northwest,2026,6,46.4,36.958784313725495,141,20,1140
Haryana,Northwest,2026,7,45.8,37.52364642631246,157,20,1178
Haryana,Northwest,2026,8,50.3,41.8741018342821,227,20,1178
Haryana,Northwest,2026,9,52.0,45.7107908496732,219,20,1140
Haryana,Northwest,2026,10,52.0,48.43039215686275,241,20,1178
Haryana,Northwest,2026,11,52.0,49.262839869281045,213,20,1140
Haryana,Northwest,2026,12,52.0,48.18063251106894,244,20,1178
Jharkhand,East,2020,1,50.3,42.127504244482175,48,19,1054
Jharkhand,East,2020,2,45.2,38.147428917120386,48,19,986
Jharkhand,East,2020,3,43.2,34.35264855687606,17,19,1054
Jharkhand,East,2020,4,39.9,31.589777777777776,0,19,1020
Jharkhand,East,2020,5,38.6,30.524560252034654,0,19,1054
Jharkhand,East,2020,6,38.7,31.838287037037034,0,18,1020
Jharkhand,East,2020,7,42.0,34.736783154121866,19,18,1054
Jharkhand,East,2020,8,46.9,38.92703853046595,50,18,1054
Jharkhand,East,2020,9,50.4,42.801932870370365,48,18,1020
Jharkhand,East,2020,10,52.0,45.51437051971326,46,18,1054
Jharkhand,East,2020,11,52.0,46.42263888888889,44,18,1020
Jharkhand,East,2020,12,52.0,45.12265905017921,47,18,1054
Jharkhand,East,2021,1,51.0,42.42870743727599,61,18,1054
Jharkhand,East,2021,2,48.9,38.46108630952381,44,18,952
Jharkhand,East,2021,3,42.1,34.675302419354836,16,18,1054
Jharkhand,East,2021,4,39.9,31.965497685185184,0,18,1020
Jharkhand,East,2021,5,38.1,30.937040770609322,0,18,1054
Jharkhand,East,2021,6,38.0,32.07699074074074,0,18,1020
Jharkhand,East,2021,7,41.6,34.94686379928315,17,18,1054
Jharkhand,East,2021,8,48.3,38.99501568100358,71,18,1054
Jharkhand,East,2021,9,51.3,42.93143518518519,58,18,1020
Jharkhand,East,2021,10,52.0,45.718996415770604,62,18,1054
Jharkhand,East,2021,11,52.0,46.70832175925926,56,18,1020
Jharkhand,East,2021,12,52.0,45.360405465949825,59,18,1054
Jharkhand,East,2022,1,49.9,42.76088709677419,73,18,1054
Jharkhand,East,2022,2,49.0,38.81866319444445,69,18,952
Jharkhand,East,2022,3,42.1,35.02245743727599,28,18,1054
Jharkhand,East,2022,4,39.1,32.18230324074074,0,18,1020
Jharkhand,East,2022,5,38.8,31.230689964157705,0,18,1054
Jharkhand,East,2022,6,40.0,32.30673611111111,1,18,1020
Jharkhand,East,2022,7,42.7,35.211559139784946,31,18,1054
Jharkhand,East,2022,8,46.6,39.33439740143369,73,18,1054
Jharkhand,East,2022,9,50.9,43.36550925925926,99,18,1020
Jharkhand,East,2022,10,52.0,45.96659946236559,57,18,1054
Jharkhand,East,2022,11,52.0,46.91478009259259,72,18,1020
Jharkhand,East,2022,12,52.0,45.85164650537635,83,18,1054
Jharkhand,East,2023,1,50.7,42.94181227598566,96,18,1054
Jharkhand,East,2023,2,47.1,39.17921626984127,101,18,952
Jharkhand,East,2023,3,44.1,35.322076612903224,30,18,1054
Jharkhand,East,2023,4,40.2,32.50611111111111,1,18,1020
Jharkhand,East,2023,5,39.0,31.485327060931898,0,18,1054
Jharkhand,East,2023,6,40.1,32.624583333333334,1,18,1020
Jharkhand,East,2023,7,42.9,35.5942876344086,42,18,1054
Jharkhand,East,2023,8,48.0,39.768862007168465,106,18,1054
Jharkhand,East,2023,9,51.2,43.56736111111111,101,18,1020
Jharkhand,East,2023,10,52.0,46.45741487455197,101,18,1054
Jharkhand,East,2023,11,52.0,47.24299768518519,99,18,1020
Jharkhand,East,2023,12,52.0,46.142551523297485,98,18,1054
Jharkhand,East,2024,1,51.2,43.24583333333334,125,18,1054
Jharkhand,East,2024,2,46.2,39.34647988505747,117,18,986
Jharkhand,East,2024,3,44.2,35.51666666666667,36,18,1054
Jharkhand,East,2024,4,40.9,32.51612268518518,2,18,1020
Jharkhand,East,2024,5,39.7,31.68799283154122,0,18,1054
Jharkhand,East,2024,6,41.0,32.99302083333333,2,18,1020
Jharkhand,East,2024,7,44.1,35.975369623655915,48,18,1054
Jharkhand,East,2024,8,48.1,39.939560931899635,108,18,1054
Jharkhand,East,2024,9,51.1,43.85790509259259,125,18,1020
Jharkhand,East,2024,10,52.0,46.64450044802867,113,18,1054
Jharkhand,East,2024,11,52.0,47.49269675925926,130,18,1020
Jharkhand,East,2024,12,52.0,46.16951164874553,117,18,1054
Jharkhand,East,2025,1,51.0,43.53617831541219,135,18,1054
Jharkhand,East,2025,2,48.9,39.62590525793651,123,18,952
Jharkhand,East,2025,3,44.2,35.89325716845878,70,18,1054
Jharkhand,East,2025,4,40.5,33.06846064814815,1,18,1020
Jharkhand,East,2025,5,40.0,32.023756720430114,1,18,1054
Jharkhand,East,2025,6,41.4,33.14699074074073,2,18,1020
Jharkhand,East,2025,7,44.7,36.17470878136201,71,18,1054
Jharkhand,East,2025,8,47.8,40.17488799283154,157,18,1054
Jharkhand,East,2025,9,50.8,43.985023148148144,129,18,1020
Jharkhand,East,2025,10,52.0,46.93448700716846,132,18,1054
Jharkhand,East,2025,11,52.0,47.71465277777778,134,18,1020
Jharkhand,East,2025,12,52.0,46.53089157706093,127,18,1054
Jharkhand,East,2026,1,51.6,43.784912634408606,180,18,1054
Jharkhand,East,2026,2,48.9,40.041232638888886,180,18,952
Jharkhand,East,2026,3,46.1,36.006373207885304,55,18,1054
Jharkhand,East,2026,4,43.0,35.803414351851856,58,18,1020
Jharkhand,East,2026,5,41.9,34.77545922939068,14,18,1054
Jharkhand,East,2026,6,43.0,35.944085648148146,40,18,1020
Jharkhand,East,2026,7,45.3,36.35994623655914,78,18,1054
Jharkhand,East,2026,8,48.2,40.52312948028674,202,18,1054
Jharkhand,East,2026,9,52.0,44.318136574074074,166,18,1020
Jharkhand,East,2026,10,52.0,47.12638888888888,166,18,1054
Jharkhand,East,2026,11,52.0,47.994050925925926,167,18,1020
Jharkhand,East,2026,12,52.0,46.85689964157706,158,18,1054
Karnataka,South,2020,1,47.1,39.10828522920204,121,20,1705
Karnataka,South,2020,2,43.9,35.13830081669691,49,20,1595
Karnataka,South,2020,3,41.1,31.233457130730052,2,20,1705
Karnataka,South,2020,4,36.5,28.40282529239766,0,20,1650
Karnataka,South,2020,5,34.3,27.413503112620262,0,20,1705
Karnataka,South,2020,6,36.6,28.633451754385963,0,20,1650
Karnataka,South,2020,7,39.5,31.632018251273344,0,20,1705
Karnataka,South,2020,8,44.9,35.78597481607244,74,20,1705
Karnataka,South,2020,9,48.9,39.53279970760234,101,20,1650
Karnataka,South,2020,10,50.8,42.311159451046976,111,20,1705
Karnataka,South,2020,11,51.1,43.17764400584795,105,20,1650
Karnataka,South,2020,12,49.8,42.00621533672892,112,20,1705
Karnataka,South,2021,1,48.0,39.241075268817205,128,20,1705
Karnataka,South,2021,2,43.3,35.35986685463659,39,20,1540
Karnataka,South,2021,3,40.6,31.573820287296776,2,20,1705
Karnataka,South,2021,4,35.7,28.6000716374269,0,20,1650
Karnataka,South,2021,5,34.4,27.767877758913414,0,20,1705
Karnataka,South,2021,6,39.0,28.788029970760235,0,20,1650
Karnataka,South,2021,7,40.8,31.86863610639502,1,20,1705
Karnataka,South,2021,8,45.5,35.951733163554046,72,20,1705
Karnataka,South,2021,9,49.3,39.74251169590643,119,20,1650
Karnataka,South,2021,10,52.0,42.57174448217317,146,20,1705
Karnataka,South,2021,11,52.0,43.507553362573105,117,20,1650
Karnataka,South,2021,12,51.7,42.31470854555744,141,20,1705
Karnataka,South,2022,1,46.8,39.55626697792869,169,20,1705
Karnataka,South,2022,2,44.8,35.61163298872181,69,20,1540
Karnataka,South,2022,3,40.2,31.92319185059423,1,20,1705
Karnataka,South,2022,4,36.4,29.00870394736842,0,20,1650
Karnataka,South,2022,5,36.5,28.01441567628749,0,20,1705
Karnataka,South,2022,6,37.5,29.085130116959064,0,20,1650
Karnataka,South,2022,7,40.3,32.05974179400113,2,20,1705
Karnataka,South,2022,8,45.4,36.07982880588568,104,20,1705
Karnataka,South,2022,9,48.1,40.05069005847953,157,20,1650
Karnataka,South,2022,10,51.1,43.007666949632146,182,20,1705
Karnataka,South,2022,11,51.6,43.8216432748538,167,20,1650
Karnataka,South,2022,12,50.5,42.69041383701189,169,20,1705
Karnataka,South,2023,1,47.6,39.783016411997735,220,20,1705
Karnataka,South,2023,2,44.4,36.0481837406015,91,20,1540
Karnataka,South,2023,3,41.8,32.19687535370685,3,20,1705
Karnataka,South,2023,4,36.3,29.302369883040935,0,20,1650
Karnataka,South,2023,5,35.5,28.33679541595925,0,20,1705
Karnataka,South,2023,6,37.0,29.365980994152046,0,20,1650
Karnataka,South,2023,7,40.9,32.348400537634404,3,20,1705
Karnataka,South,2023,8,45.6,36.34519170911149,133,20,1705
Karnataka,South,2023,9,48.7,40.392081140350875,207,20,1650
Karnataka,South,2023,10,52.0,43.31106112054329,211,20,1705
Karnataka,South,2023,11,51.5,44.109679824561404,194,20,1650
Karnataka,South,2023,12,50.5,42.97339275608376,229,20,1705
Karnataka,South,2024,1,48.5,40.105661431805316,239,20,1705
Karnataka,South,2024,2,45.2,36.17677404718694,111,20,1595
Karnataka,South,2024,3,42.4,32.33790534804754,4,20,1705
Karnataka,South,2024,4,37.1,29.45708941541962,0,20,1650
Karnataka,South,2024,5,36.0,28.685618279569894,0,20,1705
Karnataka,South,2024,6,37.3,29.807027777777776,0,20,1650
Karnataka,South,2024,7,42.9,32.804744623655914,5,20,1705
Karnataka,South,2024,8,47.4,36.85009408602151,146,20,1705
Karnataka,South,2024,9,48.5,40.73316666666666,239,20,1650
Karnataka,South,2024,10,51.0,43.51150537634409,241,20,1705
Karnataka,South,2024,11,52.0,44.39988888888889,215,20,1650
Karnataka,South,2024,12,51.7,43.125201612903226,255,20,1705
Karnataka,South,2025,1,49.2,40.37356550139601,292,20,1705
Karnataka,South,2025,2,44.7,36.504209080393295,142,20,1540
Karnataka,South,2025,3,40.8,32.73910060511079,4,20,1705
Karnataka,South,2025,4,37.5,29.80652013045434,0,20,1650
Karnataka,South,2025,5,37.3,28.79085722214967,0,20,1705
Karnataka,South,2025,6,37.8,29.976774347728295,0,20,1650
Karnataka,South,2025,7,40.8,32.89911785512167,5,20,1705
Karnataka,South,2025,8,45.0,37.032731433111316,172,20,1705
Karnataka,South,2025,9,48.8,40.91281809491678,285,20,1650
Karnataka,South,2025,10,50.8,43.861916274868314,314,20,1705
Karnataka,South,2025,11,52.0,44.69414884165542,297,20,1650
Karnataka,South,2025,12,52.0,43.432469690043966,294,20,1705
Karnataka,South,2026,1,50.6,40.66606803143094,343,20,1705
Karnataka,South,2026,2,44.7,36.88716755831887,158,20,1540
Karnataka,South,2026,3,42.5,32.99702820948152,13,20,1705
Karnataka,South,2026,4,40.6,32.64839164417454,2,20,1650
Karnataka,South,2026,5,40.1,31.653532551913283,1,20,1705
Karnataka,South,2026,6,40.6,32.90312359424202,3,20,1650
Karnataka,South,2026,7,41.1,33.346685658003565,7,20,1705
Karnataka,South,2026,8,45.3,37.25572281354752,208,20,1705
Karnataka,South,2026,9,49.1,41.274401372019796,362,20,1650
Karnataka,South,2026,10,51.7,44.05268164207044,381,20,1705
Karnataka,South,2026,11,52.0,45.01948358074674,364,20,1650
Karnataka,South,2026,12,52.0,43.557219864176574,336,20,1705
Kerala,South,2020,1,43.1,35.21061827956989,22,18,806
Kerala,South,2020,2,39.3,31.35617816091954,0,18,754
Kerala,South,2020,3,35.2,27.41261200716846,0,18,806
Kerala,South,2020,4,31.6,24.74914351851852,0,18,780
Kerala,South,2020,5,30.1,23.777240143369177,0,18,806
Kerala,South,2020,6,33.3,24.926435185185184,0,18,780
Kerala,South,2020,7,36.0,28.02795698924731,0,18,806
Kerala,South,2020,8,39.6,31.99693100358423,0,18,806
Kerala,South,2020,9,44.4,36.01983796296297,25,18,780
Kerala,South,2020,10,46.9,38.75990143369175,55,18,806
Kerala,South,2020,11,46.0,39.509537037037035,45,18,780
Kerala,South,2020,12,46.9,38.24616935483871,35,18,806
Kerala,South,2021,1,44.2,35.48057795698925,23,18,806
Kerala,South,2021,2,38.7,31.689459325396825,0,18,728
Kerala,South,2021,3,36.8,27.884946236559138,0,18,806
Kerala,South,2021,4,32.7,24.964050925925925,0,18,780
Kerala,South,2021,5,31.9,24.140008960573475,0,18,806
Kerala,South,2021,6,33.0,25.289652777777775,0,18,780
Kerala,South,2021,7,36.6,28.201388888888893,0,18,806
Kerala,South,2021,8,40.0,32.27211021505377,0,18,806
Kerala,South,2021,9,44.1,36.18000000000001,28,18,780
Kerala,South,2021,10,46.6,38.89581093189964,53,18,806
Kerala,South,2021,11,46.3,39.82490740740741,43,18,780
Kerala,South,2021,12,47.9,38.72078853046595,54,18,806
Kerala,South,2022,1,43.9,35.828203405017916,35,18,806
Kerala,South,2022,2,40.8,31.964434523809523,1,18,728
Kerala,South,2022,3,36.0,28.287701612903227,0,18,806
Kerala,South,2022,4,32.3,25.345532407407404,0,18,780
Kerala,South,2022,5,31.0,24.303584229390683,0,18,806
Kerala,South,2022,6,33.9,25.41224537037037,0,18,780
Kerala,South,2022,7,36.4,28.50040322580645,0,18,806
Kerala,South,2022,8,40.0,32.51839157706093,1,18,806
Kerala,South,2022,9,44.2,36.420208333333335,37,18,780
Kerala,South,2022,10,49.2,39.21133512544803,76,18,806
Kerala,South,2022,11,47.8,39.93868055555556,50,18,780
Kerala,South,2022,12,46.1,38.89746863799283,68,18,806
Kerala,South,2023,1,44.5,36.11043906810036,33,18,806
Kerala,South,2023,2,41.9,32.311929563492065,1,18,728
Kerala,South,2023,3,36.3,28.3494623655914,0,18,806
Kerala,South,2023,4,32.8,25.620671296296294,0,18,780
Kerala,South,2023,5,30.4,24.62421594982079,0,18,806
Kerala,South,2023,6,33.3,25.70363425925926,0,18,780
Kerala,South,2023,7,36.3,28.640591397849462,0,18,806
Kerala,South,2023,8,41.4,32.8510752688172,1,18,806
Kerala,South,2023,9,44.0,36.745555555555555,50,18,780
Kerala,South,2023,10,49.6,39.58378136200717,88,18,806
Kerala,South,2023,11,48.3,40.4700462962963,74,18,780
Kerala,South,2023,12,46.1,39.37945788530466,76,18,806
Kerala,South,2024,1,44.4,36.48136200716846,54,18,806
Kerala,South,2024,2,39.9,32.521886973180074,0,18,754
Kerala,South,2024,3,36.8,28.777889784946236,0,18,806
Kerala,South,2024,4,32.5,25.86363425925926,0,18,780
Kerala,South,2024,5,32.1,25.152979390681004,0,18,806
Kerala,South,2024,6,33.7,26.02576388888889,0,18,780
Kerala,South,2024,7,37.6,29.062410394265235,0,18,806
Kerala,South,2024,8,40.4,33.15508512544803,2,18,806
Kerala,South,2024,9,45.9,37.068773148148146,62,18,780
Kerala,South,2024,10,47.9,39.74061379928315,86,18,806
Kerala,South,2024,11,48.3,40.70965277777778,90,18,780
Kerala,South,2024,12,48.4,39.55089605734767,99,18,806
Kerala,South,2025,1,44.4,36.51214157706093,55,18,806
Kerala,South,2025,2,41.2,32.98514384920635,1,18,728
Kerala,South,2025,3,36.2,28.87614247311828,0,18,806
Kerala,South,2025,4,34.3,26.241712962962964,0,18,780
Kerala,South,2025,5,31.9,25.32477598566308,0,18,806
Kerala,South,2025,6,33.8,26.356041666666666,0,18,780
Kerala,South,2025,7,36.4,29.280085125448032,0,18,806
Kerala,South,2025,8,41.3,33.39507168458781,5,18,806
Kerala,South,2025,9,44.6,37.34115740740741,98,18,780
Kerala,South,2025,10,47.7,40.015546594982084,108,18,806
Kerala,South,2025,11,50.3,41.03476851851852,118,18,780
Kerala,South,2025,12,47.0,39.864605734767025,107,18,806
Kerala,South,2026,1,44.5,37.087970430107525,68,18,806
Kerala,South,2026,2,40.9,33.04704861111111,1,18,728
Kerala,South,2026,3,37.1,29.367137096774194,0,18,806
Kerala,South,2026,4,37.5,28.956736111111113,0,18,780
Kerala,South,2026,5,36.5,27.96442652329749,0,18,806
Kerala,South,2026,6,37.0,29.125486111111112,0,18,780
Kerala,South,2026,7,36.8,29.61159069072275,0,18,806
Kerala,South,2026,8,42.6,33.50852835757959,3,17,806
Kerala,South,2026,9,44.6,37.566154684095864,93,17,780
Kerala,South,2026,10,47.6,40.387286527514235,139,17,806
Kerala,South,2026,11,47.7,41.245261437908496,147,17,780
Kerala,South,2026,12,50.6,40.05692599620493,119,17,806
Madhya Pradesh,Central,2020,1,50.2,43.07051075268817,79,20,1891
Madhya Pradesh,Central,2020,2,46.3,39.1664224137931,78,20,1769
Madhya Pradesh,Central,2020,3,44.1,35.3575,49,20,1891
Madhya Pradesh,Central,2020,4,40.2,32.56422222222222,2,20,1830
Madhya Pradesh,Central,2020,5,39.6,31.53079301075269,0,20,1891
Madhya Pradesh,Central,2020,6,41.0,32.87104166666667,1,20,1830
Madhya Pradesh,Central,2020,7,44.2,35.80977150537635,70,20,1891
Madhya Pradesh,Central,2020,8,48.0,39.97370967741936,103,20,1891
Madhya Pradesh,Central,2020,9,51.5,43.77675347923422,103,20,1830
Madhya Pradesh,Central,2020,10,52.0,46.49981910421214,101,20,1891
Madhya Pradesh,Central,2020,11,52.0,47.33222096908939,94,20,1830
Madhya Pradesh,Central,2020,12,52.0,46.025928126768534,91,20,1891
Madhya Pradesh,Central,2021,1,52.0,43.438926651305685,126,20,1891
Madhya Pradesh,Central,2021,2,48.7,39.536589912280704,124,20,1708
Madhya Pradesh,Central,2021,3,44.1,35.64080796749939,70,20,1891
Madhya Pradesh,Central,2021,4,40.4,32.81583886800334,2,20,1830
Madhya Pradesh,Central,2021,5,38.8,31.855430814940576,0,20,1891
Madhya Pradesh,Central,2021,6,40.9,33.044491123642445,2,20,1830
Madhya Pradesh,Central,2021,7,46.3,35.90673316355405,72,20,1891
Madhya Pradesh,Central,2021,8,48.7,40.014712486862315,128,20,1891
Madhya Pradesh,Central,2021,9,52.0,43.862969611528825,124,20,1830
Madhya Pradesh,Central,2021,10,52.0,46.7109963416606,132,20,1891
Madhya Pradesh,Central,2021,11,52.0,47.71382383040935,133,20,1830
Madhya Pradesh,Central,2021,12,52.0,46.472976897889886,123,20,1891
Madhya Pradesh,Central,2022,1,52.0,43.66679915514593,153,20,1891
Madhya Pradesh,Central,2022,2,47.4,39.7859168009309,150,20,1708
Madhya Pradesh,Central,2022,3,44.3,35.9232430875576,81,20,1891
Madhya Pradesh,Central,2022,4,43.2,33.15617126148705,8,20,1830
Madhya Pradesh,Central,2022,5,40.8,32.11712982051904,1,20,1891
Madhya Pradesh,Central,2022,6,42.4,33.21524383876358,6,20,1830
Madhya Pradesh,Central,2022,7,44.7,36.211430693669655,94,20,1891
Madhya Pradesh,Central,2022,8,49.1,40.200242946074866,160,20,1891
Madhya Pradesh,Central,2022,9,52.0,44.23978613199666,162,20,1830
Madhya Pradesh,Central,2022,10,52.0,46.955999474492685,171,20,1891
Madhya Pradesh,Central,2022,11,52.0,47.918829260651634,171,20,1830
Madhya Pradesh,Central,2022,12,52.0,46.721711132670386,167,20,1891
Madhya Pradesh,Central,2023,1,52.0,43.92765745007681,197,20,1891
Madhya Pradesh,Central,2023,2,49.3,40.03639030612245,170,20,1708
Madhya Pradesh,Central,2023,3,45.1,36.213288766270516,94,20,1891
Madhya Pradesh,Central,2023,4,40.9,33.440243316624894,4,20,1830
Madhya Pradesh,Central,2023,5,41.6,32.45418657530924,2,20,1891
Madhya Pradesh,Central,2023,6,42.5,33.61840779030911,7,20,1830
Madhya Pradesh,Central,2023,7,44.0,36.4268675721562,109,20,1891
Madhya Pradesh,Central,2023,8,49.0,40.48418313929986,190,20,1891
Madhya Pradesh,Central,2023,9,52.0,44.51459461152882,202,20,1830
Madhya Pradesh,Central,2023,10,52.0,47.23986946054373,205,20,1891
Madhya Pradesh,Central,2023,11,52.0,48.15203602756892,184,20,1830
Madhya Pradesh,Central,2023,12,52.0,47.03215003233891,195,20,1891
Madhya Pradesh,Central,2024,1,52.0,44.2677205109548,240,20,1891
Madhya Pradesh,Central,2024,2,49.8,40.345042239218735,229,20,1769
Madhya Pradesh,Central,2024,3,45.7,36.460529145444255,127,20,1891
Madhya Pradesh,Central,2024,4,41.3,33.647307539682544,3,20,1830
Madhya Pradesh,Central,2024,5,41.7,32.60114146252728,3,20,1891
Madhya Pradesh,Central,2024,6,41.4,33.89041823308271,7,20,1830
Madhya Pradesh,Central,2024,7,47.1,36.93106536502547,140,20,1891
Madhya Pradesh,Central,2024,8,49.0,41.00415272051096,227,20,1891
Madhya Pradesh,Central,2024,9,52.0,44.84808834586466,231,20,1830
Madhya Pradesh,Central,2024,10,52.0,47.60266492845016,240,20,1891
Madhya Pradesh,Central,2024,11,52.0,48.43042335004177,233,20,1830
Madhya Pradesh,Central,2024,12,52.0,47.22161239793031,261,20,1891
Madhya Pradesh,Central,2025,1,51.6,44.38317264936535,285,20,1891
Madhya Pradesh,Central,2025,2,49.4,40.60525297619048,252,20,1708
Madhya Pradesh,Central,2025,3,44.9,36.82496311342873,161,20,1891
Madhya Pradesh,Central,2025,4,40.7,33.96186946532999,4,20,1830
Madhya Pradesh,Central,2025,5,41.3,32.93953644191123,3,20,1891
Madhya Pradesh,Central,2025,6,42.2,34.0079776524645,8,20,1830
Madhya Pradesh,Central,2025,7,44.8,37.04304299054087,177,20,1891
Madhya Pradesh,Central,2025,8,50.4,41.0973408319185,307,20,1891
Madhya Pradesh,Central,2025,9,52.0,45.07381401420217,309,20,1830
Madhya Pradesh,Central,2025,10,52.0,47.80661937100817,295,20,1891
Madhya Pradesh,Central,2025,11,52.0,48.77243828320802,298,20,1830
Madhya Pradesh,Central,2025,12,52.0,47.61983082706767,310,20,1891
Madhya Pradesh,Central,2026,1,52.0,44.862037048265826,345,20,1891
Madhya Pradesh,Central,2026,2,48.1,40.95015205424275,321,20,1708
Madhya Pradesh,Central,2026,3,46.6,37.134086931037274,210,20,1891
Madhya Pradesh,Central,2026,4,44.1,36.87161591478697,147,20,1830
Madhya Pradesh,Central,2026,5,43.9,35.837342853100495,76,20,1891
Madhya Pradesh,Central,2026,6,45.5,36.8702186716792,178,20,1830
Madhya Pradesh,Central,2026,7,46.3,37.342807219662056,235,20,1891
Madhya Pradesh,Central,2026,8,50.0,41.42948874201633,344,20,1891
Madhya Pradesh,Central,2026,9,52.0,45.294312865497076,355,20,1830
Madhya Pradesh,Central,2026,10,52.0,48.01756164605061,350,20,1891
Madhya Pradesh,Central,2026,11,52.0,48.9882591546481,375,20,1830
Madhya Pradesh,Central,2026,12,52.0,47.856653225806454,366,20,1891
Maharashtra,West,2020,1,50.4,41.75525646467285,110,20,2201
Maharashtra,West,2020,2,46.6,37.72856449811531,78,20,2059
Maharashtra,West,2020,3,43.8,33.95186136868225,17,20,2201
Maharashtra,West,2020,4,40.3,31.034292004048584,1,20,2130
Maharashtra,West,2020,5,38.5,30.19927060206347,0,20,2201
Maharashtra,West,2020,6,39.1,31.338174257759782,0,20,2130
Maharashtra,West,2020,7,43.6,34.411118421052635,35,20,2201
Maharashtra,West,2020,8,46.9,38.50604267337077,117,20,2201
Maharashtra,West,2020,9,50.6,42.340354251012144,83,20,2130
Maharashtra,West,2020,10,52.0,45.07443989160245,102,20,2201
Maharashtra,West,2020,11,52.0,45.99748110661268,97,20,2130
Maharashtra,West,2020,12,52.0,44.654664032911064,114,20,2201
Maharashtra,West,2021,1,50.7,42.03415273605851,133,20,2201
Maharashtra,West,2021,2,49.0,38.13109329814922,110,20,1988
Maharashtra,West,2021,3,42.1,34.35306843411257,31,20,2201
Maharashtra,West,2021,4,40.3,31.493186740890685,2,20,2130
Maharashtra,West,2021,5,38.0,30.40137113099125,0,20,2201
Maharashtra,West,2021,6,39.2,31.48263115934633,0,20,2130
Maharashtra,West,2021,7,44.3,34.5100352618519,30,20,2201
Maharashtra,West,2021,8,47.3,38.53978712289408,130,20,2201
Maharashtra,West,2021,9,51.6,42.48004048582996,131,20,2130
Maharashtra,West,2021,10,52.0,45.2518641439206,113,20,2201
Maharashtra,West,2021,11,52.0,46.26360172064777,128,20,2130
Maharashtra,West,2021,12,52.0,45.02283613033825,132,20,2201
Maharashtra,West,2022,1,51.2,42.256675101214576,174,20,2201
Maharashtra,West,2022,2,47.0,38.44629645026026,168,20,1988
Maharashtra,West,2022,3,43.4,34.62615319315658,37,20,2201
Maharashtra,West,2022,4,40.9,31.75464136302294,1,20,2130
Maharashtra,West,2022,5,38.3,30.716002677288756,0,20,2201
Maharashtra,West,2022,6,40.4,31.860941464237516,2,20,2130
Maharashtra,West,2022,7,45.2,34.68199115188716,31,20,2201
Maharashtra,West,2022,8,47.7,38.88105524356798,157,20,2201
Maharashtra,West,2022,9,51.2,42.8785371120108,177,20,2130
Maharashtra,West,2022,10,52.0,45.58640525009795,163,20,2201
Maharashtra,West,2022,11,52.0,46.433329453441296,164,20,2130
Maharashtra,West,2022,12,52.0,45.36715636019329,187,20,2201
Maharashtra,West,2023,1,50.7,42.472295775107746,201,20,2201
Maharashtra,West,2023,2,47.2,38.633359239444765,179,20,1988
Maharashtra,West,2023,3,45.3,34.83354348961734,53,20,2201
Maharashtra,West,2023,4,40.2,32.0981508097166,1,20,2130
Maharashtra,West,2023,5,39.1,31.06404629750555,0,20,2201
Maharashtra,West,2023,6,39.9,32.085674595141704,0,20,2130
Maharashtra,West,2023,7,44.6,35.0835020242915,60,20,2201
Maharashtra,West,2023,8,46.9,39.13750897871229,214,20,2201
Maharashtra,West,2023,9,51.7,43.07904217273954,196,20,2130
Maharashtra,West,2023,10,52.0,45.8326740237691,193,20,2201
Maharashtra,West,2023,11,52.0,46.802635964912284,228,20,2130
Maharashtra,West,2023,12,52.0,45.65585167167298,234,20,2201
Maharashtra,West,2024,1,51.3,42.780406001044796,266,20,2201
Maharashtra,West,2024,2,47.2,38.89788025268742,241,20,2059
Maharashtra,West,2024,3,43.5,34.97218313308084,42,20,2201
Maharashtra,West,2024,4,39.7,32.194174089068824,0,20,2130
Maharashtra,West,2024,5,41.6,31.252986319707457,1,20,2201
Maharashtra,West,2024,6,41.7,32.453339574898784,1,20,2130
Maharashtra,West,2024,7,44.8,35.62301491458341,84,20,2201
Maharashtra,West,2024,8,49.7,39.52711304470854,238,20,2201
Maharashtra,West,2024,9,52.0,43.452020467836256,251,20,2130
Maharashtra,West,2024,10,52.0,46.22184988681381,258,20,2201
Maharashtra,West,2024,11,52.0,47.097725146198826,233,20,2130
Maharashtra,West,2024,12,52.0,45.90645090548953,274,20,2201
Maharashtra,West,2025,1,52.0,43.10218095642332,309,20,2201
Maharashtra,West,2025,2,47.3,39.25376723057644,289,20,1988
Maharashtra,West,2025,3,44.5,35.360792303339,71,20,2201
Maharashtra,West,2025,4,40.7,32.52015787521951,1,20,2130
Maharashtra,West,2025,5,39.6,31.618187606112052,0,20,2201
Maharashtra,West,2025,6,41.7,32.79420540935672,2,20,2130
Maharashtra,West,2025,7,43.6,35.62848542727787,98,20,2201
Maharashtra,West,2025,8,48.0,39.72155631013017,316,20,2201
Maharashtra,West,2025,9,51.6,43.69652631578948,319,20,2130
Maharashtra,West,2025,10,52.0,46.438913412563664,346,20,2201
Maharashtra,West,2025,11,52.0,47.30245321637427,322,20,2130
Maharashtra,West,2025,12,52.0,46.18863115449915,322,20,2201
Maharashtra,West,2026,1,52.0,43.43328664402943,387,20,2201
Maharashtra,West,2026,2,50.5,39.62309680451128,369,20,1988
Maharashtra,West,2026,3,43.2,35.66281975099038,70,20,2201
Maharashtra,West,2026,4,43.7,35.39754751461988,54,20,2130
Maharashtra,West,2026,5,44.7,34.32061827956989,18,20,2201
Maharashtra,West,2026,6,44.1,35.462415204678365,67,20,2130
Maharashtra,West,2026,7,44.3,35.938904923599324,117,20,2201
Maharashtra,West,2026,8,49.0,39.94854838709678,379,20,2201
Maharashtra,West,2026,9,52.0,43.94757894736843,361,20,2130
Maharashtra,West,2026,10,52.0,46.86270090548953,433,20,2201
Maharashtra,West,2026,11,52.0,47.6766432748538,382,20,2130
Maharashtra,West,2026,12,52.0,46.462144170911145,360,20,2201
Odisha,East,2020,1,51.6,42.27760997067448,73,20,1581
Odisha,East,2020,2,45.9,38.32670846394984,73,20,1479
Odisha,East,2020,3,44.4,34.38013196480938,18,20,1581
Odisha,East,2020,4,38.7,31.596393939393938,0,20,1530
Odisha,East,2020,5,38.1,30.70934506353861,0,20,1581
Odisha,East,2020,6,40.0,31.880934343434344,1,20,1530
Odisha,East,2020,7,43.2,34.92744868035191,25,20,1581
Odisha,East,2020,8,47.1,39.47164898132428,82,20,1581
Odisha,East,2020,9,51.1,43.168265550239234,75,20,1530
Odisha,East,2020,10,52.0,45.94514662756598,72,20,1581
Odisha,East,2020,11,52.0,46.969732057416266,68,20,1530
Odisha,East,2020,12,52.0,45.53912062046612,70,20,1581
Odisha,East,2021,1,49.8,42.81252218706591,93,20,1581
Odisha,East,2021,2,45.7,38.85921095352016,86,20,1428
Odisha,East,2021,3,42.2,35.05169142614601,28,20,1581
Odisha,East,2021,4,41.3,32.31196531100478,1,20,1530
Odisha,East,2021,5,39.9,31.241512579101713,0,20,1581
Odisha,East,2021,6,40.3,32.48889393939394,1,20,1530
Odisha,East,2021,7,44.2,35.298518482790556,37,20,1581
Odisha,East,2021,8,48.0,39.42057821423059,91,20,1581
Odisha,East,2021,9,50.8,43.19322368421052,92,20,1530
Odisha,East,2021,10,52.0,46.02056316561198,81,20,1581
Odisha,East,2021,11,52.0,47.133257575757575,97,20,1530
Odisha,East,2021,12,52.0,45.78636421515666,96,20,1581
Odisha,East,2022,1,51.2,42.92982481864485,94,20,1581
Odisha,East,2022,2,46.5,39.21657296650717,99,20,1428
Odisha,East,2022,3,43.2,35.55210699953697,46,20,1581
Odisha,East,2022,4,39.3,32.56634469696969,0,20,1530
Odisha,East,2022,5,39.4,31.502823159438183,0,20,1581
Odisha,East,2022,6,40.5,32.60569557416268,1,20,1530
Odisha,East,2022,7,43.4,35.50859661984874,35,20,1581
Odisha,East,2022,8,48.5,39.65988018984411,105,20,1581
Odisha,East,2022,9,50.9,43.63724880382775,119,20,1530
Odisha,East,2022,10,52.0,46.51190538663374,108,20,1581
Odisha,East,2022,11,52.0,47.43847567783094,118,20,1530
Odisha,East,2022,12,52.0,46.11472410865875,104,20,1581
Odisha,East,2023,1,52.0,43.375906389874984,153,20,1581
Odisha,East,2023,2,48.5,39.542734321599454,126,20,1428
Odisha,East,2023,3,43.6,35.550041287235686,55,20,1581
Odisha,East,2023,4,40.9,32.79021092503987,2,20,1530
Odisha,East,2023,5,39.6,31.71887772032721,0,20,1581
Odisha,East,2023,6,39.6,33.02476455342902,0,20,1530
Odisha,East,2023,7,44.2,35.843026701651496,58,20,1581
Odisha,East,2023,8,49.1,39.8841543833925,127,20,1581
Odisha,East,2023,9,52.0,43.82462103414103,137,20,1530
Odisha,East,2023,10,52.0,46.647601095848124,119,20,1581
Odisha,East,2023,11,52.0,47.53875159489633,141,20,1530
Odisha,East,2023,12,52.0,46.536408975150486,153,20,1581
Odisha,East,2024,1,51.2,43.58653650254669,167,20,1581
Odisha,East,2024,2,48.2,39.74618462299951,174,20,1479
Odisha,East,2024,3,43.2,35.83824625713845,58,20,1581
Odisha,East,2024,4,39.3,33.01188237639553,0,20,1530
Odisha,East,2024,5,39.5,32.05613308380923,0,20,1581
Odisha,East,2024,6,41.6,33.31370753588517,3,20,1530
Odisha,East,2024,7,44.8,36.32435927612286,76,20,1581
Odisha,East,2024,8,48.5,40.39810561043371,201,20,1581
Odisha,East,2024,9,52.0,44.21032336523126,185,20,1530
Odisha,East,2024,10,52.0,47.01879321654576,176,20,1581
Odisha,East,2024,11,52.0,47.744228867623605,178,20,1530
Odisha,East,2024,12,52.0,46.57623726655348,177,20,1581
Odisha,East,2025,1,51.0,43.85814882697947,215,20,1581
Odisha,East,2025,2,47.2,39.90987974196856,209,20,1428
Odisha,East,2025,3,43.4,36.16198429541596,74,20,1581
Odisha,East,2025,4,40.4,33.14410825358851,2,20,1530
Odisha,East,2025,5,39.7,32.21961124401914,0,20,1581
Odisha,East,2025,6,40.8,33.434511164274326,4,20,1530
Odisha,East,2025,7,45.2,36.53522225652107,93,20,1581
Odisha,East,2025,8,48.5,40.340196210835,221,20,1581
Odisha,East,2025,9,52.0,44.532507177033494,206,20,1530
Odisha,East,2025,10,52.0,47.183179503009725,218,20,1581
Odisha,East,2025,11,52.0,48.05314473684211,201,20,1530
Odisha,East,2025,12,52.0,47.02596272572928,200,20,1581
Odisha,East,2026,1,52.0,44.20762772032721,276,20,1581
Odisha,East,2026,2,47.8,40.14172441045796,243,20,1428
Odisha,East,2026,3,45.4,36.6157327519679,112,20,1581
Odisha,East,2026,4,43.7,35.87911941786284,71,20,1530
Odisha,East,2026,5,42.8,35.08295994752277,18,20,1581
Odisha,East,2026,6,44.5,36.243161283891546,79,20,1530
Odisha,East,2026,7,44.9,36.72030212995833,130,20,1581
Odisha,East,2026,8,49.5,40.766237459484486,281,20,1581
Odisha,East,2026,9,52.0,44.71177910685805,267,20,1530
Odisha,East,2026,10,52.0,47.324281248226654,259,20,1581
Odisha,East,2026,11,52.0,48.27041666666667,246,20,1530
Odisha,East,2026,12,52.0,47.20504032258064,267,20,1581
Punjab,Northwest,2020,1,51.4,42.601075268817205,50,18,1116
Punjab,Northwest,2020,2,45.2,38.699521072796934,35,18,1044
Punjab,Northwest,2020,3,43.3,34.8163082437276,8,18,1116
Punjab,Northwest,2020,4,38.6,32.00370370370371,0,18,1080
Punjab,Northwest,2020,5,37.5,31.150627240143365,0,18,1116
Punjab,Northwest,2020,6,41.6,32.14657407407408,3,18,1080
Punjab,Northwest,2020,7,45.8,35.32921146953405,29,18,1116
Punjab,Northwest,2020,8,49.8,39.48306451612903,61,18,1116
Punjab,Northwest,2020,9,50.8,43.32212962962963,57,18,1080
Punjab,Northwest,2020,10,52.0,46.053763440860216,45,18,1116
Punjab,Northwest,2020,11,52.0,47.01425925925926,44,18,1080
Punjab,Northwest,2020,12,52.0,45.59767025089606,43,18,1116
Punjab,Northwest,2021,1,49.9,42.897670250896056,63,18,1116
Punjab,Northwest,2021,2,47.2,39.03521825396825,55,18,1008
Punjab,Northwest,2021,3,43.1,35.26093189964158,19,18,1116
Punjab,Northwest,2021,4,38.7,32.36472222222223,0,18,1080
Punjab,Northwest,2021,5,38.5,31.536469534050177,0,18,1116
Punjab,Northwest,2021,6,41.0,32.506388888888885,1,18,1080
Punjab,Northwest,2021,7,43.1,35.35645161290323,29,18,1116
Punjab,Northwest,2021,8,48.4,39.49229390681003,53,18,1116
Punjab,Northwest,2021,9,50.5,43.43453703703703,47,18,1080
Punjab,Northwest,2021,10,52.0,46.21388888888889,64,18,1116
Punjab,Northwest,2021,11,52.0,47.16092592592592,66,18,1080
Punjab,Northwest,2021,12,52.0,45.87517921146953,49,18,1116
Punjab,Northwest,2022,1,52.0,43.17329749103943,89,18,1116
Punjab,Northwest,2022,2,46.1,39.33561507936508,69,18,1008
Punjab,Northwest,2022,3,43.8,35.51021505376344,30,18,1116
Punjab,Northwest,2022,4,39.5,32.54212962962963,0,18,1080
Punjab,Northwest,2022,5,39.3,31.694444444444443,0,18,1116
Punjab,Northwest,2022,6,40.6,32.86046296296296,1,18,1080
Punjab,Northwest,2022,7,43.5,35.66810035842293,32,18,1116
Punjab,Northwest,2022,8,47.8,39.808154121863794,81,18,1116
Punjab,Northwest,2022,9,52.0,43.74074074074075,80,18,1080
Punjab,Northwest,2022,10,52.0,46.430286738351256,80,18,1116
Punjab,Northwest,2022,11,52.0,47.46194444444445,69,18,1080
Punjab,Northwest,2022,12,52.0,46.27455197132616,81,18,1116
Punjab,Northwest,2023,1,51.6,43.48602150537634,89,18,1116
Punjab,Northwest,2023,2,46.8,39.46537698412699,72,18,1008
Punjab,Northwest,2023,3,43.9,35.811738351254476,50,18,1116
Punjab,Northwest,2023,4,39.8,32.87518518518519,0,18,1080
Punjab,Northwest,2023,5,40.3,31.945878136200715,1,18,1116
Punjab,Northwest,2023,6,40.6,33.01888888888889,2,18,1080
Punjab,Northwest,2023,7,44.3,35.99094982078853,46,18,1116
Punjab,Northwest,2023,8,47.9,40.109229390681,111,18,1116
Punjab,Northwest,2023,9,51.0,44.03027777777778,108,18,1080
Punjab,Northwest,2023,10,52.0,46.71397849462366,87,18,1116
Punjab,Northwest,2023,11,52.0,47.69888888888889,91,18,1080
Punjab,Northwest,2023,12,52.0,46.47473118279569,95,18,1116
Punjab,Northwest,2024,1,51.7,43.788440860215054,142,18,1116
Punjab,Northwest,2024,2,49.6,39.91264367816092,131,18,1044
Punjab,Northwest,2024,3,43.5,35.971594982078855,45,18,1116
Punjab,Northwest,2024,4,41.0,33.17740740740741,1,18,1080
Punjab,Northwest,2024,5,40.1,32.11362007168459,1,18,1116
Punjab,Northwest,2024,6,41.0,33.34462962962963,2,18,1080
Punjab,Northwest,2024,7,44.1,36.444534050179215,68,18,1116
Punjab,Northwest,2024,8,49.0,40.49480286738351,121,18,1116
Punjab,Northwest,2024,9,51.8,44.44962962962963,128,18,1080
Punjab,Northwest,2024,10,52.0,47.081541218637994,122,18,1116
Punjab,Northwest,2024,11,52.0,47.99268518518518,94,18,1080
Punjab,Northwest,2024,12,52.0,46.6576164874552,124,18,1116
Punjab,Northwest,2025,1,52.0,44.087544802867384,154,18,1116
Punjab,Northwest,2025,2,47.2,40.129629177415865,154,19,1008
Punjab,Northwest,2025,3,45.0,36.387016878058525,65,19,1116
Punjab,Northwest,2025,4,39.5,33.41047471620227,0,19,1080
Punjab,Northwest,2025,5,39.6,32.52998601817637,0,19,1116
Punjab,Northwest,2025,6,40.7,33.478142414860685,4,19,1080
Punjab,Northwest,2025,7,44.7,36.59835214221512,89,19,1116
Punjab,Northwest,2025,8,48.6,40.87550184759812,180,19,1116
Punjab,Northwest,2025,9,52.0,44.64580495356037,146,19,1080
Punjab,Northwest,2025,10,52.0,47.31466593428543,152,19,1116
Punjab,Northwest,2025,11,52.0,48.25289473684211,157,19,1080
Punjab,Northwest,2025,12,52.0,47.13943872965146,163,19,1116
Punjab,Northwest,2026,1,51.4,44.20246679316888,177,19,1116
Punjab,Northwest,2026,2,48.9,40.3579002653693,161,19,1008
Punjab,Northwest,2026,3,43.8,36.65045940277639,97,19,1116
Punjab,Northwest,2026,4,43.7,36.15598039215686,62,19,1080
Punjab,Northwest,2026,5,43.2,35.12873264755818,19,19,1116
Punjab,Northwest,2026,6,45.1,36.51250773993808,74,19,1080
Punjab,Northwest,2026,7,45.1,36.93714670927794,109,19,1116
Punjab,Northwest,2026,8,49.3,40.87376410666134,168,19,1116
Punjab,Northwest,2026,9,52.0,44.83510319917441,171,19,1080
Punjab,Northwest,2026,10,52.0,47.64814740836912,180,19,1116
Punjab,Northwest,2026,11,52.0,48.49988132094943,170,19,1080
Punjab,Northwest,2026,12,52.0,47.356911015679614,193,19,1116
Rajasthan,Northwest,2020,1,52.0,45.25343541857124,116,20,2232
Rajasthan,Northwest,2020,2,49.6,41.25233718414072,116,20,2088
Rajasthan,Northwest,2020,3,46.1,37.48061087893431,110,20,2232
Rajasthan,Northwest,2020,4,43.6,34.652223852901486,26,20,2160
Rajasthan,Northwest,2020,5,41.0,33.73943858560794,6,20,2232
Rajasthan,Northwest,2020,6,42.1,34.950494433198386,36,20,2160
Rajasthan,Northwest,2020,7,47.7,37.9139956902181,130,20,2232
Rajasthan,Northwest,2020,8,51.0,41.98913983936267,132,20,2232
Rajasthan,Northwest,2020,9,52.0,45.91363782051282,124,20,2160
Rajasthan,Northwest,2020,10,52.0,48.565317289153086,47,20,2232
Rajasthan,Northwest,2020,11,52.0,49.31758316464237,0,20,2160
Rajasthan,Northwest,2020,12,52.0,48.124732760872405,71,20,2232
Rajasthan,Northwest,2021,1,52.0,45.543708208175524,149,20,2232
Rajasthan,Northwest,2021,2,50.2,41.688154099190285,135,20,2016
Rajasthan,Northwest,2021,3,45.3,37.74456836881285,128,20,2232
Rajasthan,Northwest,2021,4,43.4,34.99484733468286,32,20,2160
Rajasthan,Northwest,2021,5,44.9,34.048342856210006,15,20,2232
Rajasthan,Northwest,2021,6,42.7,35.03475792847503,40,20,2160
Rajasthan,Northwest,2021,7,47.1,38.06885480605982,150,20,2232
Rajasthan,Northwest,2021,8,51.5,42.131682610683036,154,20,2232
Rajasthan,Northwest,2021,9,52.0,46.07722267206478,169,20,2160
Rajasthan,Northwest,2021,10,52.0,48.77588383178791,72,20,2232
Rajasthan,Northwest,2021,11,52.0,49.59177766531714,0,20,2160
Rajasthan,Northwest,2021,12,52.0,48.53895014365939,90,20,2232
Rajasthan,Northwest,2022,1,52.0,45.79234001567193,206,20,2232
Rajasthan,Northwest,2022,2,50.3,42.03441855841527,200,20,2016
Rajasthan,Northwest,2022,3,47.3,38.13116266161682,201,20,2232
Rajasthan,Northwest,2022,4,42.8,35.28055954790823,44,20,2160
Rajasthan,Northwest,2022,5,42.7,34.209721170171086,15,20,2232
Rajasthan,Northwest,2022,6,43.7,35.39396423751687,55,20,2160
Rajasthan,Northwest,2022,7,46.3,38.36779221627269,185,20,2232
Rajasthan,Northwest,2022,8,51.6,42.3339001893692,192,20,2232
Rajasthan,Northwest,2022,9,52.0,46.27581831983805,179,20,2160
Rajasthan,Northwest,2022,10,52.0,48.96791122502285,76,20,2232
Rajasthan,Northwest,2022,11,52.0,49.81413512145749,0,20,2160
Rajasthan,Northwest,2022,12,52.0,48.72464819772757,97,20,2232
Rajasthan,Northwest,2023,1,52.0,46.10614454094293,236,20,2232
Rajasthan,Northwest,2023,2,50.7,42.20787087912088,203,20,2016
Rajasthan,Northwest,2023,3,48.6,38.49182741282486,231,20,2232
Rajasthan,Northwest,2023,4,44.0,35.537302631578946,51,20,2160
Rajasthan,Northwest,2023,5,42.8,34.53106911975969,17,20,2232
Rajasthan,Northwest,2023,6,43.0,35.71149156545209,84,20,2160
Rajasthan,Northwest,2023,7,47.1,38.65360993208829,229,20,2232
Rajasthan,Northwest,2023,8,52.0,42.67502660963824,243,20,2232
Rajasthan,Northwest,2023,9,52.0,46.53292020917679,201,20,2160
Rajasthan,Northwest,2023,10,52.0,49.26365025466893,88,20,2232
Rajasthan,Northwest,2023,11,52.0,50.04414486905823,0,20,2160
Rajasthan,Northwest,2023,12,52.0,49.049331820556354,129,20,2232
Rajasthan,Northwest,2024,1,52.0,46.39993388402769,294,20,2232
Rajasthan,Northwest,2024,2,51.3,42.39489721485411,279,20,2088
Rajasthan,Northwest,2024,3,47.1,38.49888059945148,275,20,2232
Rajasthan,Northwest,2024,4,44.9,35.76555060728745,79,20,2160
Rajasthan,Northwest,2024,5,43.5,34.84645308214706,31,20,2232
Rajasthan,Northwest,2024,6,44.7,35.97558805668017,91,20,2160
Rajasthan,Northwest,2024,7,47.5,39.07093052109181,307,20,2232
Rajasthan,Northwest,2024,8,52.0,43.16919475836906,306,20,2232
Rajasthan,Northwest,2024,9,52.0,46.956541979949876,275,20,2160
Rajasthan,Northwest,2024,10,52.0,49.45744997574582,106,20,2232
Rajasthan,Northwest,2024,11,52.0,50.20044799498747,0,20,2160
Rajasthan,Northwest,2024,12,52.0,49.14506700218288,176,20,2232
Rajasthan,Northwest,2025,1,52.0,46.650786138733935,383,20,2232
Rajasthan,Northwest,2025,2,51.7,42.75439211868958,323,20,2016
Rajasthan,Northwest,2025,3,48.0,38.99181663837012,369,20,2232
Rajasthan,Northwest,2025,4,43.9,36.12962656641604,112,20,2160
Rajasthan,Northwest,2025,5,42.2,35.060083373756974,27,20,2232
Rajasthan,Northwest,2025,6,45.1,36.16613408521303,107,20,2160
Rajasthan,Northwest,2025,7,49.2,39.19411987630366,345,20,2232
Rajasthan,Northwest,2025,8,52.0,43.21521192093136,366,20,2232
Rajasthan,Northwest,2025,9,52.0,47.16403790726817,365,20,2160
Rajasthan,Northwest,2025,10,52.0,49.75598259762309,134,20,2232
Rajasthan,Northwest,2025,11,52.0,50.432947368421054,0,20,2160
Rajasthan,Northwest,2025,12,52.0,49.45413594470046,185,20,2232
Rajasthan,Northwest,2026,1,52.0,46.92494633761824,410,20,2232
Rajasthan,Northwest,2026,2,51.6,43.03109492481203,378,20,2016
Rajasthan,Northwest,2026,3,48.4,39.267453007518796,423,20,2232
Rajasthan,Northwest,2026,4,47.3,38.82718233082707,640,20,2160
Rajasthan,Northwest,2026,5,48.4,37.80529195973806,362,20,2232
Rajasthan,Northwest,2026,6,47.3,39.07195520050125,730,20,2160
Rajasthan,Northwest,2026,7,48.4,39.49128001455251,421,20,2232
Rajasthan,Northwest,2026,8,51.7,43.497190455978654,414,20,2232
Rajasthan,Northwest,2026,9,52.0,47.389486215538845,399,20,2160
Rajasthan,Northwest,2026,10,52.0,49.92808846713558,154,20,2232
Rajasthan,Northwest,2026,11,52.0,50.64631015037594,0,20,2160
Rajasthan,Northwest,2026,12,52.0,49.72690334707737,215,20,2232
Tamil Nadu,South Peninsula,2020,1,48.1,38.21709677419355,91,20,1488
Tamil Nadu,South Peninsula,2020,2,42.4,34.309392014519055,19,20,1392
Tamil Nadu,South Peninsula,2020,3,40.4,30.323561120543292,1,20,1488
Tamil Nadu,South Peninsula,2020,4,36.9,27.55069298245614,0,20,1440
Tamil Nadu,South Peninsula,2020,5,34.6,26.457581706281832,0,20,1488
Tamil Nadu,South Peninsula,2020,6,36.2,27.906597587719297,0,20,1440
Tamil Nadu,South Peninsula,2020,7,39.5,30.699433361629882,0,20,1488
Tamil Nadu,South Peninsula,2020,8,44.4,34.81267508488964,36,20,1488
Tamil Nadu,South Peninsula,2020,9,47.6,38.66773355263158,68,20,1440
Tamil Nadu,South Peninsula,2020,10,49.9,41.42065152801358,79,20,1488
Tamil Nadu,South Peninsula,2020,11,49.8,42.38974122807017,72,20,1440
Tamil Nadu,South Peninsula,2020,12,48.9,40.97746710526316,85,20,1488
Tamil Nadu,South Peninsula,2021,1,46.6,38.35596349745331,104,20,1488
Tamil Nadu,South Peninsula,2021,2,42.9,34.438489191729325,20,20,1344
Tamil Nadu,South Peninsula,2021,3,39.9,30.910356536502547,0,20,1488
Tamil Nadu,South Peninsula,2021,4,35.3,27.763121710526317,0,20,1440
Tamil Nadu,South Peninsula,2021,5,35.7,26.728703310696098,0,20,1488
Tamil Nadu,South Peninsula,2021,6,35.0,27.97468969298246,0,20,1440
Tamil Nadu,South Peninsula,2021,7,39.6,30.89115980475382,0,20,1488
Tamil Nadu,South Peninsula,2021,8,42.6,34.824205220713075,33,20,1488
Tamil Nadu,South Peninsula,2021,9,47.8,38.9552927631579,106,20,1440
Tamil Nadu,South Peninsula,2021,10,50.6,41.81558892190153,83,20,1488
Tamil Nadu,South Peninsula,2021,11,52.0,42.624782894736846,109,20,1440
Tamil Nadu,South Peninsula,2021,12,50.0,41.39571376374188,97,20,1488
Tamil Nadu,South Peninsula,2022,1,47.8,38.62864055299539,137,20,1488
Tamil Nadu,South Peninsula,2022,2,43.3,34.746326530612244,33,20,1344
Tamil Nadu,South Peninsula,2022,3,40.0,31.046797235023043,1,20,1488
Tamil Nadu,South Peninsula,2022,4,36.3,28.049803571428573,0,20,1440
Tamil Nadu,South Peninsula,2022,5,34.6,27.263905529953917,0,20,1488
Tamil Nadu,South Peninsula,2022,6,35.8,28.190613095238096,0,20,1440
Tamil Nadu,South Peninsula,2022,7,41.5,31.34179147465438,2,20,1488
Tamil Nadu,South Peninsula,2022,8,45.3,35.27487903225807,44,20,1488
Tamil Nadu,South Peninsula,2022,9,47.0,39.25336003637566,139,20,1440
Tamil Nadu,South Peninsula,2022,10,49.3,41.99145343196702,138,20,1488
Tamil Nadu,South Peninsula,2022,11,51.2,43.01561685463659,135,20,1440
Tamil Nadu,South Peninsula,2022,12,49.7,41.772825612418146,133,20,1488
Tamil Nadu,South Peninsula,2023,1,47.4,38.978290383216105,151,20,1488
Tamil Nadu,South Peninsula,2023,2,42.7,35.101312768528466,30,20,1344
Tamil Nadu,South Peninsula,2023,3,40.4,31.39911684453068,1,20,1488
Tamil Nadu,South Peninsula,2023,4,35.1,28.427111215538844,0,20,1440
Tamil Nadu,South Peninsula,2023,5,34.8,27.37373514431239,0,20,1488
Tamil Nadu,South Peninsula,2023,6,36.3,28.41606484962406,0,20,1440
Tamil Nadu,South Peninsula,2023,7,40.1,31.437587315061847,1,20,1488
Tamil Nadu,South Peninsula,2023,8,44.6,35.546611993693915,66,20,1488
Tamil Nadu,South Peninsula,2023,9,47.5,39.58566510025063,182,20,1440
Tamil Nadu,South Peninsula,2023,10,49.7,42.33135884065001,167,20,1488
Tamil Nadu,South Peninsula,2023,11,49.9,43.115307644110274,140,20,1440
Tamil Nadu,South Peninsula,2023,12,50.2,42.039168384671356,177,20,1488
Tamil Nadu,South Peninsula,2024,1,47.0,39.250361993693915,200,20,1488
Tamil Nadu,South Peninsula,2024,2,44.3,35.20440951516723,42,20,1392
Tamil Nadu,South Peninsula,2024,3,39.5,31.541015037593986,0,20,1488
Tamil Nadu,South Peninsula,2024,4,36.3,28.592802631578948,0,20,1440
Tamil Nadu,South Peninsula,2024,5,35.5,27.601478595682757,0,20,1488
Tamil Nadu,South Peninsula,2024,6,35.7,28.896002819548873,0,20,1440
Tamil Nadu,South Peninsula,2024,7,40.2,32.085284683482904,1,20,1488
Tamil Nadu,South Peninsula,2024,8,44.4,35.88060756730536,98,20,1488
Tamil Nadu,South Peninsula,2024,9,48.7,39.86444611528822,188,20,1440
Tamil Nadu,South Peninsula,2024,10,52.0,42.867030681542566,208,20,1488
Tamil Nadu,South Peninsula,2024,11,51.4,43.58335401002506,209,20,1440
Tamil Nadu,South Peninsula,2024,12,49.9,42.202581857870484,193,20,1488
Tamil Nadu,South Peninsula,2025,1,47.4,39.54299721076886,267,20,1488
Tamil Nadu,South Peninsula,2025,2,44.4,35.52979323308271,54,20,1344
Tamil Nadu,South Peninsula,2025,3,42.2,31.75224199611933,2,20,1488
Tamil Nadu,South Peninsula,2025,4,37.9,29.089641917293232,0,20,1440
Tamil Nadu,South Peninsula,2025,5,36.4,27.87262824399709,0,20,1488
Tamil Nadu,South Peninsula,2025,6,37.5,29.197429197994985,0,20,1440
Tamil Nadu,South Peninsula,2025,7,40.0,32.070731263642976,0,20,1488
Tamil Nadu,South Peninsula,2025,8,43.6,36.092184695609994,112,20,1488
Tamil Nadu,South Peninsula,2025,9,49.3,39.9745974310777,240,20,1440
Tamil Nadu,South Peninsula,2025,10,50.8,42.706167898193755,228,20,1488
Tamil Nadu,South Peninsula,2025,11,52.0,43.9181914160401,230,20,1440
Tamil Nadu,South Peninsula,2025,12,51.7,42.570068821246664,247,20,1488
Tamil Nadu,South Peninsula,2026,1,48.5,39.75310605141887,292,20,1488
Tamil Nadu,South Peninsula,2026,2,43.6,35.907686627282494,72,20,1344
Tamil Nadu,South Peninsula,2026,3,40.7,31.979241450400192,2,20,1488
Tamil Nadu,South Peninsula,2026,4,39.2,31.809746240601502,0,20,1440
Tamil Nadu,South Peninsula,2026,5,38.6,30.66619573126364,0,20,1488
Tamil Nadu,South Peninsula,2026,6,40.3,31.95909304511278,1,20,1440
Tamil Nadu,South Peninsula,2026,7,41.3,32.37623969197186,2,20,1488
Tamil Nadu,South Peninsula,2026,8,44.1,36.47625181906378,130,20,1488
Tamil Nadu,South Peninsula,2026,9,49.9,40.375286967418546,287,20,1440
Tamil Nadu,South Peninsula,2026,10,52.0,43.18847380548145,294,20,1488
Tamil Nadu,South Peninsula,2026,11,52.0,44.13943264411027,296,20,1440
Tamil Nadu,South Peninsula,2026,12,50.6,42.864858113024496,278,20,1488
Telangana,South Peninsula,2020,1,49.5,41.115551782682516,84,20,1302
Telangana,South Peninsula,2020,2,45.0,37.27743647912885,62,20,1218
Telangana,South Peninsula,2020,3,42.8,33.455543293718165,7,20,1302
Telangana,South Peninsula,2020,4,39.3,30.662037280701753,0,20,1260
Telangana,South Peninsula,2020,5,37.0,29.751005942275043,0,20,1302
Telangana,South Peninsula,2020,6,38.7,30.857480909940932,0,20,1260
Telangana,South Peninsula,2020,7,43.5,33.967540322580646,11,20,1302
Telangana,South Peninsula,2020,8,46.9,38.07915322580645,73,20,1302
Telangana,South Peninsula,2020,9,48.6,41.626666666666665,59,20,1260
Telangana,South Peninsula,2020,10,52.0,44.5033064516129,81,20,1302
Telangana,South Peninsula,2020,11,52.0,45.57545833333333,55,20,1260
Telangana,South Peninsula,2020,12,52.0,44.16056451612903,75,20,1302
Telangana,South Peninsula,2021,1,49.9,41.41826612903226,89,20,1302
Telangana,South Peninsula,2021,2,46.3,37.40558035714286,66,20,1176
Telangana,South Peninsula,2021,3,41.5,33.88552419354839,16,20,1302
Telangana,South Peninsula,2021,4,37.9,31.055524455429627,0,20,1260
Telangana,South Peninsula,2021,5,37.4,30.069932088285228,0,20,1302
Telangana,South Peninsula,2021,6,39.1,30.98902850877193,0,20,1260
Telangana,South Peninsula,2021,7,41.9,34.190174023769096,14,20,1302
Telangana,South Peninsula,2021,8,45.8,38.24557512733446,105,20,1302
Telangana,South Peninsula,2021,9,51.1,42.09771271929825,86,20,1260
Telangana,South Peninsula,2021,10,52.0,45.017843803056024,95,20,1302
Telangana,South Peninsula,2021,11,52.0,45.690041666666666,79,20,1260
Telangana,South Peninsula,2021,12,52.0,44.59486417657046,87,20,1302
Telangana,South Peninsula,2022,1,49.4,41.89626273344652,104,20,1302
Telangana,South Peninsula,2022,2,46.1,38.033078007518796,92,20,1176
Telangana,South Peninsula,2022,3,42.8,34.162533955857384,17,20,1302
Telangana,South Peninsula,2022,4,39.0,31.202225877192983,0,20,1260
Telangana,South Peninsula,2022,5,39.1,29.971188455008487,0,20,1302
Telangana,South Peninsula,2022,6,39.8,31.338684210526317,0,20,1260
Telangana,South Peninsula,2022,7,42.8,34.39808786078098,17,20,1302
Telangana,South Peninsula,2022,8,48.6,38.50050721561969,114,20,1302
Telangana,South Peninsula,2022,9,51.5,42.320434210526315,119,20,1260
Telangana,South Peninsula,2022,10,52.0,45.081158743633274,105,20,1302
Telangana,South Peninsula,2022,11,52.0,46.11821052631579,106,20,1260
Telangana,South Peninsula,2022,12,52.0,44.66345500848897,113,20,1302
Telangana,South Peninsula,2023,1,51.2,42.0089876910017,142,20,1302
Telangana,South Peninsula,2023,2,48.1,38.14273966165413,140,20,1176
Telangana,South Peninsula,2023,3,42.1,34.45558786078098,20,20,1302
Telangana,South Peninsula,2023,4,40.0,31.65435745614035,0,20,1260
Telangana,South Peninsula,2023,5,38.3,30.53505093378608,0,20,1302
Telangana,South Peninsula,2023,6,38.9,31.729519736842107,0,20,1260
Telangana,South Peninsula,2023,7,43.7,34.607330220713074,23,20,1302
Telangana,South Peninsula,2023,8,48.0,38.680258913412565,126,20,1302
Telangana,South Peninsula,2023,9,51.6,42.61160307017544,128,20,1260
Telangana,South Peninsula,2023,10,52.0,45.35730687606112,138,20,1302
Telangana,South Peninsula,2023,11,52.0,46.197916666666664,138,20,1260
Telangana,South Peninsula,2023,12,52.0,45.177894736842106,128,20,1302
Telangana,South Peninsula,2024,1,50.2,42.22935696095077,162,20,1302
Telangana,South Peninsula,2024,2,47.0,38.36752949183303,122,20,1218
Telangana,South Peninsula,2024,3,42.2,34.36728565365026,17,20,1302
Telangana,South Peninsula,2024,4,39.0,31.74101754385965,0,20,1260
Telangana,South Peninsula,2024,5,40.4,30.85923542905115,1,20,1302
Telangana,South Peninsula,2024,6,41.0,32.12855921052632,1,20,1260
Telangana,South Peninsula,2024,7,42.9,35.01467105263158,30,20,1302
Telangana,South Peninsula,2024,8,48.1,39.183934634974534,160,20,1302
Telangana,South Peninsula,2024,9,51.0,42.99926315789473,161,20,1260
Telangana,South Peninsula,2024,10,52.0,45.753314940577255,153,20,1302
Telangana,South Peninsula,2024,11,52.0,46.4932302631579,141,20,1260
Telangana,South Peninsula,2024,12,52.0,45.447175297113745,186,20,1302
Telangana,South Peninsula,2025,1,50.9,42.65483870967742,218,20,1302
Telangana,South Peninsula,2025,2,48.6,38.91262453007519,178,20,1176
Telangana,South Peninsula,2025,3,42.9,34.95925933786078,37,20,1302
Telangana,South Peninsula,2025,4,39.4,31.936616228070175,0,20,1260
Telangana,South Peninsula,2025,5,38.2,30.980507215619696,0,20,1302
Telangana,South Peninsula,2025,6,42.4,32.222515350877195,3,20,1260
Telangana,South Peninsula,2025,7,44.3,35.190918930390495,49,20,1302
Telangana,South Peninsula,2025,8,49.0,39.33276315789474,178,20,1302
Telangana,South Peninsula,2025,9,50.5,43.22245394736842,220,20,1260
Telangana,South Peninsula,2025,10,52.0,46.02940365025467,178,20,1302
Telangana,South Peninsula,2025,11,52.0,46.92079385964912,190,20,1260
Telangana,South Peninsula,2025,12,52.0,45.739537351443126,191,20,1302
Telangana,South Peninsula,2026,1,50.7,42.84810483870967,213,20,1302
Telangana,South Peninsula,2026,2,48.6,38.88574248120301,213,20,1176
Telangana,South Peninsula,2026,3,43.9,35.302909592529716,38,20,1302
Telangana,South Peninsula,2026,4,43.8,34.84977192982456,32,20,1260
Telangana,South Peninsula,2026,5,41.6,33.89816638370119,9,20,1302
Telangana,South Peninsula,2026,6,42.8,34.999993421052636,34,20,1260
Telangana,South Peninsula,2026,7,43.4,35.358164261460104,47,20,1302
Telangana,South Peninsula,2026,8,48.3,39.47194821731749,248,20,1302
Telangana,South Peninsula,2026,9,51.0,43.29817105263158,244,20,1260
Telangana,South Peninsula,2026,10,52.0,46.05456494057725,243,20,1302
Telangana,South Peninsula,2026,11,52.0,47.13410745614035,244,20,1260
Telangana,South Peninsula,2026,12,52.0,46.19818760611206,252,20,1302
Uttar Pradesh,Indo-Gangetic Plain,2020,1,52.0,43.67367188131619,133,20,2759
Uttar Pradesh,Indo-Gangetic Plain,2020,2,48.8,39.62751663641863,110,20,2581
Uttar Pradesh,Indo-Gangetic Plain,2020,3,44.7,35.8754584040747,88,20,2759
Uttar Pradesh,Indo-Gangetic Plain,2020,4,40.5,32.92858646616541,4,20,2670
Uttar Pradesh,Indo-Gangetic Plain,2020,5,40.1,32.06156378850351,1,20,2759
Uttar Pradesh,Indo-Gangetic Plain,2020,6,41.4,33.253168964076856,3,20,2670
Uttar Pradesh,Indo-Gangetic Plain,2020,7,44.6,36.311950036381276,93,20,2759
Uttar Pradesh,Indo-Gangetic Plain,2020,8,48.5,40.43035896192093,115,20,2759
Uttar Pradesh,Indo-Gangetic Plain,2020,9,52.0,44.22682142857142,125,20,2670
Uttar Pradesh,Indo-Gangetic Plain,2020,10,52.0,46.99291798043496,110,20,2759
Uttar Pradesh,Indo-Gangetic Plain,2020,11,52.0,47.80562406015037,133,20,2670
Uttar Pradesh,Indo-Gangetic Plain,2020,12,52.0,46.54495371493249,110,20,2759
Uttar Pradesh,Indo-Gangetic Plain,2021,1,52.0,43.87823995472552,160,20,2759
Uttar Pradesh,Indo-Gangetic Plain,2021,2,48.3,40.09771594163981,168,20,2492
Uttar Pradesh,Indo-Gangetic Plain,2021,3,44.9,36.10561565203331,112,20,2759
Uttar Pradesh,Indo-Gangetic Plain,2021,4,40.5,33.35031829573935,1,20,2670
Uttar Pradesh,Indo-Gangetic Plain,2021,5,39.9,32.376357830059014,0,20,2759
Uttar Pradesh,Indo-Gangetic Plain,2021,6,40.5,33.476291562238934,1,20,2670
Uttar Pradesh,Indo-Gangetic Plain,2021,7,46.0,36.462915737346464,138,20,2759
Uttar Pradesh,Indo-Gangetic Plain,2021,8,48.2,40.53096208262592,155,20,2759
Uttar Pradesh,Indo-Gangetic Plain,2021,9,52.0,44.46467348927876,183,20,2670
Uttar Pradesh,Indo-Gangetic Plain,2021,10,52.0,47.25221184682135,159,20,2759
Uttar Pradesh,Indo-Gangetic Plain,2021,11,52.0,48.15400341130604,137,20,2670
Uttar Pradesh,Indo-Gangetic Plain,2021,12,52.0,47.00500990379174,165,20,2759
Uttar Pradesh,Indo-Gangetic Plain,2022,1,52.0,44.178249386908135,193,20,2759
Uttar Pradesh,Indo-Gangetic Plain,2022,2,49.8,40.347555346700084,191,20,2492
Uttar Pradesh,Indo-Gangetic Plain,2022,3,46.2,36.541169119034144,141,20,2759
Uttar Pradesh,Indo-Gangetic Plain,2022,4,43.5,33.55745580881875,14,20,2670
Uttar Pradesh,Indo-Gangetic Plain,2022,5,40.1,32.62317911714771,1,20,2759
Uttar Pradesh,Indo-Gangetic Plain,2022,6,42.5,33.81756335282651,9,20,2670
Uttar Pradesh,Indo-Gangetic Plain,2022,7,45.8,36.700156102622145,142,20,2759
Uttar Pradesh,Indo-Gangetic Plain,2022,8,51.4,40.796874646293155,229,20,2759
Uttar Pradesh,Indo-Gangetic Plain,2022,9,52.0,44.72229288499025,194,20,2670
Uttar Pradesh,Indo-Gangetic Plain,2022,10,52.0,47.53078522920203,225,20,2759
Uttar Pradesh,Indo-Gangetic Plain,2022,11,52.0,48.39525633528265,192,20,2670
Uttar Pradesh,Indo-Gangetic Plain,2022,12,52.0,47.218821448783245,198,20,2759
Uttar Pradesh,Indo-Gangetic Plain,2023,1,52.0,44.44727382698249,245,20,2759
Uttar Pradesh,Indo-Gangetic Plain,2023,2,48.7,40.63143327067669,220,20,2492
Uttar Pradesh,Indo-Gangetic Plain,2023,3,44.7,36.78266176193171,152,20,2759
Uttar Pradesh,Indo-Gangetic Plain,2023,4,41.3,33.91429142300195,17,20,2670
Uttar Pradesh,Indo-Gangetic Plain,2023,5,41.4,32.97699207696661,4,20,2759
Uttar Pradesh,Indo-Gangetic Plain,2023,6,42.9,34.178196881091615,13,20,2670
Uttar Pradesh,Indo-Gangetic Plain,2023,7,45.1,37.03976891152613,188,20,2759
Uttar Pradesh,Indo-Gangetic Plain,2023,8,50.8,41.15933361629882,282,20,2759
Uttar Pradesh,Indo-Gangetic Plain,2023,9,52.0,45.06239668615984,274,20,2670
Uttar Pradesh,Indo-Gangetic Plain,2023,10,52.0,47.76277353329561,220,20,2759
Uttar Pradesh,Indo-Gangetic Plain,2023,11,52.0,48.61240155945419,232,20,2670
Uttar Pradesh,Indo-Gangetic Plain,2023,12,52.0,47.496684587813625,263,20,2759
Uttar Pradesh,Indo-Gangetic Plain,2024,1,52.0,44.70167279758536,301,20,2759
Uttar Pradesh,Indo-Gangetic Plain,2024,2,50.6,40.80982456140351,284,20,2581
Uttar Pradesh,Indo-Gangetic Plain,2024,3,46.2,36.936261554423695,224,20,2759
Uttar Pradesh,Indo-Gangetic Plain,2024,4,42.3,34.10957212475633,19,20,2670
Uttar Pradesh,Indo-Gangetic Plain,2024,5,40.9,33.22723259762309,1,20,2759
Uttar Pradesh,Indo-Gangetic Plain,2024,6,42.3,34.431242202729045,15,20,2670
Uttar Pradesh,Indo-Gangetic Plain,2024,7,45.8,37.46135823429541,266,20,2759
Uttar Pradesh,Indo-Gangetic Plain,2024,8,50.0,41.40322769288813,300,20,2759
Uttar Pradesh,Indo-Gangetic Plain,2024,9,52.0,45.43607797270955,313,20,2670
Uttar Pradesh,Indo-Gangetic Plain,2024,10,52.0,48.157630635729106,316,20,2759
Uttar Pradesh,Indo-Gangetic Plain,2024,11,52.0,48.80966520467837,271,20,2670
Uttar Pradesh,Indo-Gangetic Plain,2024,12,52.0,47.807130258441795,334,20,2759
Uttar Pradesh,Indo-Gangetic Plain,2025,1,52.0,45.040114129409545,383,20,2759
Uttar Pradesh,Indo-Gangetic Plain,2025,2,49.4,41.214945175438594,344,20,2492
Uttar Pradesh,Indo-Gangetic Plain,2025,3,45.7,37.43326353518204,259,20,2759
Uttar Pradesh,Indo-Gangetic Plain,2025,4,42.9,34.52911257309942,28,20,2670
Uttar Pradesh,Indo-Gangetic Plain,2025,5,41.7,33.46878617734927,6,20,2759
Uttar Pradesh,Indo-Gangetic Plain,2025,6,43.3,34.65505799220273,30,20,2670
Uttar Pradesh,Indo-Gangetic Plain,2025,7,45.8,37.533117807960764,301,20,2759
Uttar Pradesh,Indo-Gangetic Plain,2025,8,50.5,41.67102999434069,368,20,2759
Uttar Pradesh,Indo-Gangetic Plain,2025,9,52.0,45.53649561403509,371,20,2670
Uttar Pradesh,Indo-Gangetic Plain,2025,10,52.0,48.314031314846254,379,20,2759
Uttar Pradesh,Indo-Gangetic Plain,2025,11,52.0,49.105595029239765,347,20,2670
Uttar Pradesh,Indo-Gangetic Plain,2025,12,52.0,48.08561969439728,406,20,2759
Uttar Pradesh,Indo-Gangetic Plain,2026,1,52.0,45.214043105074516,449,20,2759
Uttar Pradesh,Indo-Gangetic Plain,2026,2,51.2,41.47341323684658,396,20,2492
Uttar Pradesh,Indo-Gangetic Plain,2026,3,45.2,37.59119222788153,291,20,2759
Uttar Pradesh,Indo-Gangetic Plain,2026,4,45.6,37.22270029239766,332,20,2670
Uttar Pradesh,Indo-Gangetic Plain,2026,5,44.1,36.2751787398604,128,20,2759
Uttar Pradesh,Indo-Gangetic Plain,2026,6,44.8,37.39709356725146,363,20,2670
Uttar Pradesh,Indo-Gangetic Plain,2026,7,47.5,37.84734106772307,354,20,2759
Uttar Pradesh,Indo-Gangetic Plain,2026,8,50.8,41.8871675155631,477,20,2759
Uttar Pradesh,Indo-Gangetic Plain,2026,9,52.0,45.731119395711495,423,20,2670
Uttar Pradesh,Indo-Gangetic Plain,2026,10,52.0,48.61662799471798,482,20,2759
Uttar Pradesh,Indo-Gangetic Plain,2026,11,52.0,49.452053118908374,453,20,2670
Uttar Pradesh,Indo-Gangetic Plain,2026,12,52.0,48.31260658366346,469,20,2759
West Bengal,East,2020,1,49.2,40.3575169779287,70,20,1333
West Bengal,East,2020,2,45.5,36.17149500907441,51,20,1247
West Bengal,East,2020,3,40.7,32.39569185059423,2,20,1333
West Bengal,East,2020,4,39.4,29.59275,0,20,1290
West Bengal,East,2020,5,36.2,28.721426146010188,0,20,1333
West Bengal,East,2020,6,37.8,29.89109649122807,0,20,1290
West Bengal,East,2020,7,40.7,32.71469015280136,6,20,1333
West Bengal,East,2020,8,45.0,37.06195033955857,44,20,1333
West Bengal,East,2020,9,48.9,40.87260964912281,53,20,1290
West Bengal,East,2020,10,51.8,43.79987054329372,79,20,1333
West Bengal,East,2020,11,52.0,44.662554824561404,80,20,1290
West Bengal,East,2020,12,50.8,43.199157470288625,63,20,1333
West Bengal,East,2021,1,48.4,40.74518675721562,93,20,1333
West Bengal,East,2021,2,46.6,36.766872650375944,64,20,1204
West Bengal,East,2021,3,41.8,32.90123302207131,1,20,1333
West Bengal,East,2021,4,36.8,30.064548245614034,0,20,1290
West Bengal,East,2021,5,37.1,29.171697792869267,0,20,1333
West Bengal,East,2021,6,37.3,30.08060745614035,0,20,1290
West Bengal,East,2021,7,40.8,33.22467105263158,2,20,1333
West Bengal,East,2021,8,45.2,37.24823217317487,76,20,1333
West Bengal,East,2021,9,48.2,41.246030701754385,71,20,1290
West Bengal,East,2021,10,52.0,43.83490874363328,83,20,1333
West Bengal,East,2021,11,52.0,44.795337719298246,86,20,1290
West Bengal,East,2021,12,50.4,43.37901740237691,75,20,1333
West Bengal,East,2022,1,50.1,41.153892961876835,115,20,1333
West Bengal,East,2022,2,43.8,37.213750000000005,72,20,1204
West Bengal,East,2022,3,41.2,33.58443548387097,2,20,1333
West Bengal,East,2022,4,39.0,30.729625,0,20,1290
West Bengal,East,2022,5,36.5,29.524112903225806,0,20,1333
West Bengal,East,2022,6,36.8,30.797083333333333,0,20,1290
West Bengal,East,2022,7,42.1,33.60375,4,20,1333
West Bengal,East,2022,8,47.6,37.4645564516129,77,20,1333
West Bengal,East,2022,9,50.3,41.73916666666666,109,20,1290
West Bengal,East,2022,10,51.3,44.632404606841924,99,20,1333
West Bengal,East,2022,11,52.0,45.621478070175435,102,20,1290
West Bengal,East,2022,12,51.4,44.245823429541595,114,20,1333
West Bengal,East,2023,1,47.8,41.511461516694965,149,20,1333
West Bengal,East,2023,2,45.5,37.71050360275689,95,20,1204
West Bengal,East,2023,3,41.6,33.902454725523484,3,20,1333
West Bengal,East,2023,4,38.7,31.002238304093567,0,20,1290
West Bengal,East,2023,5,37.1,30.020571590265988,0,20,1333
West Bengal,East,2023,6,39.6,31.19777558479532,0,20,1290
West Bengal,East,2023,7,41.5,34.19350594227504,8,20,1333
West Bengal,East,2023,8,47.3,37.98968661573288,96,20,1333
West Bengal,East,2023,9,50.9,41.978824561403506,144,20,1290
West Bengal,East,2023,10,52.0,45.0051902942841,131,20,1333
West Bengal,East,2023,11,52.0,45.787987573099414,110,20,1290
West Bengal,East,2023,12,52.0,44.704781409168085,134,20,1333
West Bengal,East,2024,1,49.3,41.742225523486134,150,20,1333
West Bengal,East,2024,2,44.4,37.91960904416213,111,20,1247
West Bengal,East,2024,3,42.7,34.103739388794565,9,20,1333
West Bengal,East,2024,4,37.9,31.080005116959065,0,20,1290
West Bengal,East,2024,5,39.8,30.29119340690436,0,20,1333
West Bengal,East,2024,6,39.9,31.485235380116958,0,20,1290
West Bengal,East,2024,7,42.4,34.35175014148274,8,20,1333
West Bengal,East,2024,8,47.4,38.475587153367286,116,20,1333
West Bengal,East,2024,9,49.5,42.51752119883041,150,20,1290
West Bengal,East,2024,10,52.0,44.99147778720996,143,20,1333
West Bengal,East,2024,11,52.0,46.063,175,20,1290
West Bengal,East,2024,12,51.3,44.741874646293155,168,20,1333
West Bengal,East,2025,1,50.3,42.03039261460102,201,20,1333
West Bengal,East,2025,2,45.4,38.276484962406016,139,20,1204
West Bengal,East,2025,3,42.1,34.30014926428976,8,20,1333
West Bengal,East,2025,4,38.9,31.417150584795323,0,20,1290
West Bengal,East,2025,5,38.3,30.67477079796265,0,20,1333
West Bengal,East,2025,6,38.7,31.705222222222226,0,20,1290
West Bengal,East,2025,7,41.8,34.48845571590266,16,20,1333
West Bengal,East,2025,8,45.5,38.64994765138653,167,20,1333
West Bengal,East,2025,9,50.4,42.83003435672515,202,20,1290
West Bengal,East,2025,10,52.0,45.58370755517827,223,20,1333
West Bengal,East,2025,11,52.0,46.32155424341519,192,20,1290
West Bengal,East,2025,12,52.0,45.106299518958686,180,20,1333
West Bengal,East,2026,1,50.8,42.25772920203735,225,20,1333
West Bengal,East,2026,2,46.8,38.555390820802,153,20,1204
West Bengal,East,2026,3,42.6,34.77389714204867,13,20,1333
West Bengal,East,2026,4,42.2,34.37814108187134,7,20,1290
West Bengal,East,2026,5,40.0,33.1767876344086,1,20,1333
West Bengal,East,2026,6,41.7,34.43426754385965,10,20,1290
West Bengal,East,2026,7,42.3,34.994588992642896,10,20,1333
West Bengal,East,2026,8,45.8,39.045779569892474,215,20,1333
West Bengal,East,2026,9,50.8,42.8606081871345,224,20,1290
West Bengal,East,2026,10,52.0,45.71672113752122,264,20,1333
West Bengal,East,2026,11,52.0,46.85815423976608,241,20,1290
West Bengal,East,2026,12,52.0,45.39043152235428,226,20,1333
